mode,distribution,read_percent,threads,seconds,reads,writes,ops_per_sec,read_samples,read_p50_ns,read_p95_ns,read_p99_ns,read_p999_ns,write_samples,write_p50_ns,write_p95_ns,write_p99_ns,write_p999_ns,placement,physical_cores_used,cpus,repetition
memory,uniform,100,1,0.500401,7340143,0,1.46685e+07,229380,80,110,120,150,0,0,0,0,0,physical,1,0,1
memory,uniform,100,1,0.500148,7339003,0,1.46737e+07,229344,80,110,130,170,0,0,0,0,0,physical,1,0,2
memory,uniform,100,1,0.50023,7312743,0,1.46188e+07,228524,80,110,120,150,0,0,0,0,0,physical,1,0,3
memory,uniform,100,2,0.500472,10115231,0,2.02114e+07,316102,160,180,290,450,0,0,0,0,0,physical,2,0:6,1
memory,uniform,100,2,0.500477,6583051,0,1.31536e+07,205721,160,320,440,610,0,0,0,0,0,physical,2,0:6,2
memory,uniform,100,2,0.500417,10380849,0,2.07444e+07,324403,160,230,300,470,0,0,0,0,0,physical,2,0:6,3
memory,uniform,100,4,0.500296,10180348,0,2.03486e+07,318138,270,500,680,910,0,0,0,0,0,physical,4,0:6:1:7,1
memory,uniform,100,4,0.500133,11011822,0,2.20178e+07,344122,210,390,540,770,0,0,0,0,0,physical,4,0:6:1:7,2
memory,uniform,100,4,0.500121,10362874,0,2.07207e+07,323842,250,500,680,920,0,0,0,0,0,physical,4,0:6:1:7,3
memory,uniform,100,8,0.500198,8375765,0,1.67449e+07,261746,400,1250,1800,2890,0,0,0,0,0,physical,8,0:6:1:7:2:8:3:9,1
memory,uniform,100,8,0.500221,11129348,0,2.22489e+07,347797,350,1020,1470,2340,0,0,0,0,0,physical,8,0:6:1:7:2:8:3:9,2
memory,uniform,100,8,0.500184,11526803,0,2.30451e+07,360217,340,1000,1470,2490,0,0,0,0,0,physical,8,0:6:1:7:2:8:3:9,3
memory,uniform,100,12,0.50025,12352613,0,2.46929e+07,386026,620,1670,2520,3940,0,0,0,0,0,physical,12,0:6:1:7:2:8:3:9:4:10:5:11,1
memory,uniform,100,12,0.500217,9122841,0,1.82378e+07,285094,600,1630,2360,4050,0,0,0,0,0,physical,12,0:6:1:7:2:8:3:9:4:10:5:11,2
memory,uniform,100,12,0.50024,13376417,0,2.674e+07,418019,620,1650,2510,3990,0,0,0,0,0,physical,12,0:6:1:7:2:8:3:9:4:10:5:11,3
memory,zipf,100,1,0.50012,9037019,0,1.80697e+07,282407,60,100,120,140,0,0,0,0,0,physical,1,0,1
memory,zipf,100,1,0.500476,9022277,0,1.80274e+07,281947,60,100,120,140,0,0,0,0,0,physical,1,0,2
memory,zipf,100,1,0.500161,9070904,0,1.8136e+07,283466,60,100,120,150,0,0,0,0,0,physical,1,0,3
memory,zipf,100,2,0.500158,7490200,0,1.49757e+07,234069,170,340,470,640,0,0,0,0,0,physical,2,0:6,1
memory,zipf,100,2,0.501503,9836487,0,1.9614e+07,307391,160,170,260,450,0,0,0,0,0,physical,2,0:6,2
memory,zipf,100,2,0.500471,10278557,0,2.05378e+07,321206,150,160,260,410,0,0,0,0,0,physical,2,0:6,3
memory,zipf,100,4,0.500141,7660296,0,1.53163e+07,239386,330,690,790,1020,0,0,0,0,0,physical,4,0:6:1:7,1
memory,zipf,100,4,0.500126,9269972,0,1.85353e+07,289689,220,550,670,970,0,0,0,0,0,physical,4,0:6:1:7,2
memory,zipf,100,4,0.500111,12135086,0,2.42648e+07,379223,200,370,530,740,0,0,0,0,0,physical,4,0:6:1:7,3
memory,zipf,100,8,0.500215,12978337,0,2.59455e+07,405576,310,1120,1650,2611,0,0,0,0,0,physical,8,0:6:1:7:2:8:3:9,1
memory,zipf,100,8,0.50019,13839570,0,2.76686e+07,432492,320,1000,1470,2370,0,0,0,0,0,physical,8,0:6:1:7:2:8:3:9,2
memory,zipf,100,8,0.500199,13710143,0,2.74094e+07,428447,360,940,1340,2070,0,0,0,0,0,physical,8,0:6:1:7:2:8:3:9,3
memory,zipf,100,12,0.500334,15624794,0,3.12287e+07,488280,570,1480,2180,3730,0,0,0,0,0,physical,12,0:6:1:7:2:8:3:9:4:10:5:11,1
memory,zipf,100,12,0.500226,10340998,0,2.06726e+07,323162,550,1650,2380,4010,0,0,0,0,0,physical,12,0:6:1:7:2:8:3:9:4:10:5:11,2
memory,zipf,100,12,0.500222,15868311,0,3.17225e+07,495892,510,1520,2280,3780,0,0,0,0,0,physical,12,0:6:1:7:2:8:3:9:4:10:5:11,3
memory,single-key,100,1,0.500435,17851683,0,3.56724e+07,557866,50,50,50,60,0,0,0,0,0,physical,1,0,1
memory,single-key,100,1,0.5004,18360477,0,3.66916e+07,573765,40,50,50,60,0,0,0,0,0,physical,1,0,2
memory,single-key,100,1,0.500197,18063623,0,3.6113e+07,564489,40,50,50,70,0,0,0,0,0,physical,1,0,3
memory,single-key,100,2,0.500165,10823522,0,2.16399e+07,338236,150,170,260,400,0,0,0,0,0,physical,2,0:6,1
memory,single-key,100,2,0.500458,11163527,0,2.23066e+07,348861,150,160,260,410,0,0,0,0,0,physical,2,0:6,2
memory,single-key,100,2,0.500478,10900877,0,2.17809e+07,340653,150,170,260,390,0,0,0,0,0,physical,2,0:6,3
memory,single-key,100,4,0.500136,14907978,0,2.98078e+07,465876,190,370,680,920,0,0,0,0,0,physical,4,0:6:1:7,1
memory,single-key,100,4,0.500149,12110754,0,2.42143e+07,378463,200,540,690,900,0,0,0,0,0,physical,4,0:6:1:7,2
memory,single-key,100,4,0.500125,12100514,0,2.4195e+07,378143,210,730,971,1430,0,0,0,0,0,physical,4,0:6:1:7,3
memory,single-key,100,8,0.500212,14057714,0,2.81035e+07,439308,320,1300,1930,3010,0,0,0,0,0,physical,8,0:6:1:7:2:8:3:9,1
memory,single-key,100,8,0.50017,16209485,0,3.2408e+07,506551,330,1010,1510,2410,0,0,0,0,0,physical,8,0:6:1:7:2:8:3:9,2
memory,single-key,100,8,0.500187,15942317,0,3.18727e+07,498202,280,1110,1750,2860,0,0,0,0,0,physical,8,0:6:1:7:2:8:3:9,3
memory,single-key,100,12,0.500243,17917726,0,3.58181e+07,559934,470,1350,2020,3290,0,0,0,0,0,physical,12,0:6:1:7:2:8:3:9:4:10:5:11,1
memory,single-key,100,12,0.500223,17782962,0,3.55501e+07,555721,470,1350,2020,3270,0,0,0,0,0,physical,12,0:6:1:7:2:8:3:9:4:10:5:11,2
memory,single-key,100,12,0.500176,17827833,0,3.56431e+07,557125,470,1340,2010,3280,0,0,0,0,0,physical,12,0:6:1:7:2:8:3:9:4:10:5:11,3
memory,disjoint,0,1,0.500402,0,7097888,1.41844e+07,0,0,0,0,0,221809,90,120,130,180,physical,1,0,1
memory,disjoint,0,1,0.500484,0,7173666,1.43335e+07,0,0,0,0,0,224178,80,120,130,180,physical,1,0,2
memory,disjoint,0,1,0.500678,0,7163959,1.43085e+07,0,0,0,0,0,223874,80,120,130,220,physical,1,0,3
memory,disjoint,0,2,0.500477,0,1791633,3.57985e+06,0,0,0,0,0,55990,190,1780,7050,9610,physical,2,0:6,1
memory,disjoint,0,2,0.500472,0,1795537,3.58769e+06,0,0,0,0,0,56112,160,2660,7300,12680,physical,2,0:6,2
memory,disjoint,0,2,0.500126,0,1729321,3.45777e+06,0,0,0,0,0,54042,200,1790,7040,11330,physical,2,0:6,3
memory,disjoint,0,4,0.50015,0,1632921,3.26486e+06,0,0,0,0,0,51031,650,6270,10020,17260,physical,4,0:6:1:7,1
memory,disjoint,0,4,0.500121,0,1540879,3.08101e+06,0,0,0,0,0,48153,610,6580,10810,18400,physical,4,0:6:1:7,2
memory,disjoint,0,4,0.500165,0,1422562,2.84419e+06,0,0,0,0,0,44457,560,7190,12420,19721,physical,4,0:6:1:7,3
memory,disjoint,0,8,0.50019,0,1368891,2.73674e+06,0,0,0,0,0,42782,1650,11320,18710,30200,physical,8,0:6:1:7:2:8:3:9,1
memory,disjoint,0,8,0.500194,0,1121825,2.24278e+06,0,0,0,0,0,35061,2190,13290,21261,34261,physical,8,0:6:1:7:2:8:3:9,2
memory,disjoint,0,8,0.500197,0,1470585,2.94001e+06,0,0,0,0,0,45959,1580,10420,17501,29111,physical,8,0:6:1:7:2:8:3:9,3
memory,disjoint,0,12,0.500255,0,1084053,2.167e+06,0,0,0,0,0,33882,3680,19660,31300,52870,physical,12,0:6:1:7:2:8:3:9:4:10:5:11,1
memory,disjoint,0,12,0.500244,0,1079498,2.15794e+06,0,0,0,0,0,33739,3680,19690,31000,49010,physical,12,0:6:1:7:2:8:3:9:4:10:5:11,2
memory,disjoint,0,12,0.50022,0,1378904,2.75659e+06,0,0,0,0,0,43096,2900,16341,26460,42030,physical,12,0:6:1:7:2:8:3:9:4:10:5:11,3
buffered,disjoint,0,1,0.500402,0,356223,711873,0,0,0,0,0,44528,1390,1450,3300,5630,physical,1,0,1
buffered,disjoint,0,1,0.500148,0,358274,716336,0,0,0,0,0,44785,1380,1440,3240,5680,physical,1,0,2
buffered,disjoint,0,1,0.500145,0,359679,719149,0,0,0,0,0,44960,1370,1440,3210,5670,physical,1,0,3
buffered,disjoint,0,2,0.500132,0,232559,464995,0,0,0,0,0,29070,1900,20170,44820,77691,physical,2,0:6,1
buffered,disjoint,0,2,0.500592,0,237760,474957,0,0,0,0,0,29721,1840,19180,39321,71621,physical,2,0:6,2
buffered,disjoint,0,2,0.50047,0,238046,475645,0,0,0,0,0,29756,1860,19240,38140,71561,physical,2,0:6,3
buffered,disjoint,0,4,0.500569,0,218436,436375,0,0,0,0,0,27307,2280,23260,204032,404614,physical,4,0:6:1:7,1
buffered,disjoint,0,4,0.50013,0,212320,424530,0,0,0,0,0,26542,2390,31330,204342,454854,physical,4,0:6:1:7,2
buffered,disjoint,0,4,0.500151,0,218312,436493,0,0,0,0,0,27291,2280,18501,201202,433214,physical,4,0:6:1:7,3
buffered,disjoint,0,8,0.500199,0,216928,433683,0,0,0,0,0,27120,2420,99441,471005,1273833,physical,8,0:6:1:7:2:8:3:9,1
buffered,disjoint,0,8,0.500195,0,209472,418781,0,0,0,0,0,26187,2430,119731,417334,814088,physical,8,0:6:1:7:2:8:3:9,2
buffered,disjoint,0,8,0.500168,0,211135,422128,0,0,0,0,0,26396,2440,108411,455915,1057861,physical,8,0:6:1:7:2:8:3:9,3
buffered,disjoint,0,12,0.500418,0,197859,395388,0,0,0,0,0,24739,2570,193232,700687,1557596,physical,12,0:6:1:7:2:8:3:9:4:10:5:11,1
buffered,disjoint,0,12,0.500479,0,202234,404081,0,0,0,0,0,25285,2470,149861,806658,1917160,physical,12,0:6:1:7:2:8:3:9:4:10:5:11,2
buffered,disjoint,0,12,0.500261,0,200933,401656,0,0,0,0,0,25121,2490,176012,778128,1787679,physical,12,0:6:1:7:2:8:3:9:4:10:5:11,3
memory,uniform,0,1,0.500128,0,7169984,1.43363e+07,0,0,0,0,0,224062,90,120,130,190,physical,1,0,1
memory,uniform,0,1,0.500118,0,7217558,1.44317e+07,0,0,0,0,0,225549,80,110,130,150,physical,1,0,2
memory,uniform,0,1,0.500123,0,7170472,1.43374e+07,0,0,0,0,0,224078,90,120,130,180,physical,1,0,3
memory,uniform,0,2,0.500129,0,1290612,2.58056e+06,0,0,0,0,0,40333,230,3310,8640,14260,physical,2,0:6,1
memory,uniform,0,2,0.500613,0,1270163,2.53722e+06,0,0,0,0,0,39694,240,3350,8460,13900,physical,2,0:6,2
memory,uniform,0,2,0.50047,0,1184345,2.36646e+06,0,0,0,0,0,37012,300,2520,7130,12870,physical,2,0:6,3
memory,uniform,0,4,0.500139,0,1310972,2.62121e+06,0,0,0,0,0,40970,870,6840,11490,17970,physical,4,0:6:1:7,1
memory,uniform,0,4,0.50014,0,1249164,2.49763e+06,0,0,0,0,0,39039,850,7100,11620,19620,physical,4,0:6:1:7,2
memory,uniform,0,4,0.500116,0,1237001,2.47343e+06,0,0,0,0,0,38658,860,7040,11950,18651,physical,4,0:6:1:7,3
memory,uniform,0,8,0.50018,0,1260639,2.52037e+06,0,0,0,0,0,39398,1930,11670,19310,30580,physical,8,0:6:1:7:2:8:3:9,1
memory,uniform,0,8,0.500158,0,981730,1.96284e+06,0,0,0,0,0,30682,2550,14610,23270,36370,physical,8,0:6:1:7:2:8:3:9,2
memory,uniform,0,8,0.500183,0,1177994,2.35513e+06,0,0,0,0,0,36817,2070,12610,20500,33190,physical,8,0:6:1:7:2:8:3:9,3
memory,uniform,0,12,0.500291,0,967192,1.93326e+06,0,0,0,0,0,30232,3910,21231,34390,55101,physical,12,0:6:1:7:2:8:3:9:4:10:5:11,1
memory,uniform,0,12,0.500173,0,961636,1.92261e+06,0,0,0,0,0,30057,3970,21351,33700,52891,physical,12,0:6:1:7:2:8:3:9:4:10:5:11,2
memory,uniform,0,12,0.500212,0,1150193,2.29941e+06,0,0,0,0,0,35950,3440,18390,29951,48341,physical,12,0:6:1:7:2:8:3:9:4:10:5:11,3
buffered,uniform,0,1,0.500434,0,356455,712292,0,0,0,0,0,44557,1390,1450,3230,5610,physical,1,0,1
buffered,uniform,0,1,0.500141,0,360432,720660,0,0,0,0,0,45054,1370,1440,3210,5740,physical,1,0,2
buffered,uniform,0,1,0.500478,0,358909,717132,0,0,0,0,0,44864,1380,1450,3220,5860,physical,1,0,3
buffered,uniform,0,2,0.500484,0,219937,439448,0,0,0,0,0,27493,1980,19920,42670,77671,physical,2,0:6,1
buffered,uniform,0,2,0.500473,0,224983,449541,0,0,0,0,0,28124,1950,19360,37191,65801,physical,2,0:6,2
buffered,uniform,0,2,0.501089,0,226283,451582,0,0,0,0,0,28286,1930,19431,37800,68420,physical,2,0:6,3
buffered,uniform,0,4,0.500125,0,208449,416794,0,0,0,0,0,26058,2410,35470,210283,350294,physical,4,0:6:1:7,1
buffered,uniform,0,4,0.500138,0,214072,428026,0,0,0,0,0,26761,2320,24770,208702,387394,physical,4,0:6:1:7,2
buffered,uniform,0,4,0.500131,0,214442,428771,0,0,0,0,0,26808,2320,16571,208392,407795,physical,4,0:6:1:7,3
buffered,uniform,0,8,0.5002,0,199589,399018,0,0,0,0,0,24951,2491,89291,467395,1098901,physical,8,0:6:1:7:2:8:3:9,1
buffered,uniform,0,8,0.500219,0,205534,410888,0,0,0,0,0,25697,2460,89911,462944,1102121,physical,8,0:6:1:7:2:8:3:9,2
buffered,uniform,0,8,0.500279,0,205906,411583,0,0,0,0,0,25741,2460,90421,475635,1133662,physical,8,0:6:1:7:2:8:3:9,3
buffered,uniform,0,12,0.500212,0,199492,398815,0,0,0,0,0,24941,2520,157121,833129,1819769,physical,12,0:6:1:7:2:8:3:9:4:10:5:11,1
buffered,uniform,0,12,0.500208,0,195047,389932,0,0,0,0,0,24388,2581,179721,706817,1783439,physical,12,0:6:1:7:2:8:3:9:4:10:5:11,2
buffered,uniform,0,12,0.500215,0,200589,401005,0,0,0,0,0,25080,2490,97141,917329,2154502,physical,12,0:6:1:7:2:8:3:9:4:10:5:11,3
memory,hot-shard,0,1,0.500456,0,7072399,1.41319e+07,0,0,0,0,0,221013,90,120,130,150,physical,1,0,1
memory,hot-shard,0,1,0.500159,0,7087279,1.41701e+07,0,0,0,0,0,221478,90,120,130,240,physical,1,0,2
memory,hot-shard,0,1,0.500142,0,7136630,1.42692e+07,0,0,0,0,0,223020,90,120,130,150,physical,1,0,3
memory,hot-shard,0,2,0.500469,0,1190407,2.37858e+06,0,0,0,0,0,37201,300,2680,7260,12960,physical,2,0:6,1
memory,hot-shard,0,2,0.500136,0,1225818,2.45097e+06,0,0,0,0,0,38308,290,2490,7170,12860,physical,2,0:6,2
memory,hot-shard,0,2,0.500474,0,1183133,2.36402e+06,0,0,0,0,0,36974,320,2470,7090,12100,physical,2,0:6,3
memory,hot-shard,0,4,0.500141,0,1236104,2.47151e+06,0,0,0,0,0,38630,830,7220,11861,18300,physical,4,0:6:1:7,1
memory,hot-shard,0,4,0.50015,0,1302941,2.6051e+06,0,0,0,0,0,40719,850,6860,11490,18760,physical,4,0:6:1:7,2
memory,hot-shard,0,4,0.500104,0,1304714,2.60889e+06,0,0,0,0,0,40773,850,6950,11680,18260,physical,4,0:6:1:7,3
memory,hot-shard,0,8,0.500176,0,1182379,2.36393e+06,0,0,0,0,0,36952,2080,12630,20450,32331,physical,8,0:6:1:7:2:8:3:9,1
memory,hot-shard,0,8,0.50027,0,992149,1.98323e+06,0,0,0,0,0,31008,2550,14651,23410,37301,physical,8,0:6:1:7:2:8:3:9,2
memory,hot-shard,0,8,0.500229,0,975760,1.95063e+06,0,0,0,0,0,30497,2590,14551,22820,37400,physical,8,0:6:1:7:2:8:3:9,3
memory,hot-shard,0,12,0.500218,0,1245923,2.49076e+06,0,0,0,0,0,38942,3330,17120,27501,42110,physical,12,0:6:1:7:2:8:3:9:4:10:5:11,1
memory,hot-shard,0,12,0.500214,0,1154827,2.30866e+06,0,0,0,0,0,36096,3430,18360,29351,45431,physical,12,0:6:1:7:2:8:3:9:4:10:5:11,2
memory,hot-shard,0,12,0.500217,0,1255327,2.50957e+06,0,0,0,0,0,39235,3290,17000,27341,43320,physical,12,0:6:1:7:2:8:3:9:4:10:5:11,3
buffered,hot-shard,0,1,0.500398,0,355231,709897,0,0,0,0,0,44404,1390,1460,3250,5810,physical,1,0,1
buffered,hot-shard,0,1,0.500152,0,356352,712488,0,0,0,0,0,44544,1390,1460,3190,5620,physical,1,0,2
buffered,hot-shard,0,1,0.500476,0,355845,711013,0,0,0,0,0,44481,1390,1460,3220,5610,physical,1,0,3
buffered,hot-shard,0,2,0.500135,0,221402,442685,0,0,0,0,0,27677,1970,19720,39450,67511,physical,2,0:6,1
buffered,hot-shard,0,2,0.500581,0,222132,443749,0,0,0,0,0,27768,1940,19600,40500,71361,physical,2,0:6,2
buffered,hot-shard,0,2,0.50055,0,222798,445107,0,0,0,0,0,27850,1950,19550,38730,65890,physical,2,0:6,3
buffered,hot-shard,0,4,0.500446,0,213406,426431,0,0,0,0,0,26678,2330,34581,196382,392985,physical,4,0:6:1:7,1
buffered,hot-shard,0,4,0.500109,0,207961,415831,0,0,0,0,0,25996,2410,38680,205912,381264,physical,4,0:6:1:7,2
buffered,hot-shard,0,4,0.500127,0,212833,425558,0,0,0,0,0,26606,2330,31281,200902,401134,physical,4,0:6:1:7,3
buffered,hot-shard,0,8,0.500194,0,197801,395449,0,0,0,0,0,24728,2520,124111,455015,998440,physical,8,0:6:1:7:2:8:3:9,1
buffered,hot-shard,0,8,0.500172,0,194732,389330,0,0,0,0,0,24346,2630,108161,366943,845689,physical,8,0:6:1:7:2:8:3:9,2
buffered,hot-shard,0,8,0.500185,0,192801,385459,0,0,0,0,0,24104,2630,112531,351664,733618,physical,8,0:6:1:7:2:8:3:9,3
buffered,hot-shard,0,12,0.500383,0,198690,397076,0,0,0,0,0,24841,2510,147682,802108,1764078,physical,12,0:6:1:7:2:8:3:9:4:10:5:11,1
buffered,hot-shard,0,12,0.50024,0,195553,390919,0,0,0,0,0,24449,2570,201812,724697,1553986,physical,12,0:6:1:7:2:8:3:9:4:10:5:11,2
buffered,hot-shard,0,12,0.500234,0,196437,392690,0,0,0,0,0,24562,2560,178242,796569,1748268,physical,12,0:6:1:7:2:8:3:9:4:10:5:11,3
memory,single-key,0,1,0.500125,0,17133270,3.4258e+07,0,0,0,0,0,535415,40,50,50,60,physical,1,0,1
memory,single-key,0,1,0.500138,0,16982708,3.3956e+07,0,0,0,0,0,530710,40,50,50,60,physical,1,0,2
memory,single-key,0,1,0.500144,0,17172282,3.43347e+07,0,0,0,0,0,536634,40,50,50,60,physical,1,0,3
memory,single-key,0,2,0.50048,0,6985257,1.39571e+07,0,0,0,0,0,218290,40,70,3490,8700,physical,2,0:6,1
memory,single-key,0,2,0.500221,0,3462962,6.92286e+06,0,0,0,0,0,108219,40,1360,3110,7190,physical,2,0:6,2
memory,single-key,0,2,0.500133,0,7331524,1.46591e+07,0,0,0,0,0,229111,40,60,6050,9370,physical,2,0:6,3
memory,single-key,0,4,0.500144,0,3288646,6.57539e+06,0,0,0,0,0,102772,50,3190,8100,14420,physical,4,0:6:1:7,1
memory,single-key,0,4,0.500124,0,3351671,6.70168e+06,0,0,0,0,0,104742,50,4030,8890,15710,physical,4,0:6:1:7,2
memory,single-key,0,4,0.500101,0,3346997,6.69265e+06,0,0,0,0,0,104595,50,4020,8830,15060,physical,4,0:6:1:7,3
memory,single-key,0,8,0.500207,0,2884315,5.76624e+06,0,0,0,0,0,90139,170,8370,14141,22150,physical,8,0:6:1:7:2:8:3:9,1
memory,single-key,0,8,0.500146,0,2774432,5.54725e+06,0,0,0,0,0,86704,190,8591,14561,22781,physical,8,0:6:1:7:2:8:3:9,2
memory,single-key,0,8,0.500187,0,1903852,3.80628e+06,0,0,0,0,0,59499,620,10880,18570,29151,physical,8,0:6:1:7:2:8:3:9,3
memory,single-key,0,12,0.500213,0,1865708,3.72983e+06,0,0,0,0,0,58310,620,15880,25821,42160,physical,12,0:6:1:7:2:8:3:9:4:10:5:11,1
memory,single-key,0,12,0.500231,0,2680990,5.3595e+06,0,0,0,0,0,83785,210,11960,19820,31440,physical,12,0:6:1:7:2:8:3:9:4:10:5:11,2
memory,single-key,0,12,0.500191,0,2777481,5.55284e+06,0,0,0,0,0,86801,200,11590,19321,30991,physical,12,0:6:1:7:2:8:3:9:4:10:5:11,3
buffered,single-key,0,1,0.500446,0,377529,754385,0,0,0,0,0,47192,1320,1370,3060,5380,physical,1,0,1
buffered,single-key,0,1,0.500394,0,386976,773342,0,0,0,0,0,48372,1270,1350,2990,4950,physical,1,0,2
buffered,single-key,0,1,0.500128,0,378714,757235,0,0,0,0,0,47340,1330,1360,3060,5370,physical,1,0,3
buffered,single-key,0,2,0.500441,0,265559,530650,0,0,0,0,0,33196,1390,18511,47160,92751,physical,2,0:6,1
buffered,single-key,0,2,0.500663,0,270037,539358,0,0,0,0,0,33756,1370,14620,48741,91281,physical,2,0:6,2
buffered,single-key,0,2,0.500461,0,257680,514885,0,0,0,0,0,32211,1380,19290,49700,103241,physical,2,0:6,3
buffered,single-key,0,4,0.50013,0,225675,451233,0,0,0,0,0,28211,2260,9070,209552,676257,physical,4,0:6:1:7,1
buffered,single-key,0,4,0.500166,0,229214,458276,0,0,0,0,0,28654,2190,27111,202452,483805,physical,4,0:6:1:7,2
buffered,single-key,0,4,0.500125,0,232116,464116,0,0,0,0,0,29017,2180,30691,196842,465475,physical,4,0:6:1:7,3
buffered,single-key,0,8,0.50019,0,226710,453247,0,0,0,0,0,28343,2330,105921,303003,668617,physical,8,0:6:1:7:2:8:3:9,1
buffered,single-key,0,8,0.500192,0,248015,495840,0,0,0,0,0,31006,2160,68921,316733,1478876,physical,8,0:6:1:7:2:8:3:9,2
buffered,single-key,0,8,0.500177,0,245332,490491,0,0,0,0,0,30671,2200,73451,308953,1272893,physical,8,0:6:1:7:2:8:3:9,3
buffered,single-key,0,12,0.500246,0,219500,438784,0,0,0,0,0,27441,2290,131951,783728,1620377,physical,12,0:6:1:7:2:8:3:9:4:10:5:11,1
buffered,single-key,0,12,0.500213,0,226536,452879,0,0,0,0,0,28322,2360,145772,628737,1355374,physical,12,0:6:1:7:2:8:3:9:4:10:5:11,2
buffered,single-key,0,12,0.500186,0,219022,437881,0,0,0,0,0,27385,2300,111421,773719,1614537,physical,12,0:6:1:7:2:8:3:9:4:10:5:11,3
memory,zipf,0,1,0.500393,0,8874837,1.77357e+07,0,0,0,0,0,277339,70,110,130,150,physical,1,0,1
memory,zipf,0,1,0.500381,0,8872438,1.77314e+07,0,0,0,0,0,277264,70,110,130,170,physical,1,0,2
memory,zipf,0,1,0.500133,0,8917608,1.78305e+07,0,0,0,0,0,278676,70,110,130,140,physical,1,0,3
memory,zipf,0,2,0.500516,0,1563256,3.12329e+06,0,0,0,0,0,48853,190,3180,7560,12981,physical,2,0:6,1
memory,zipf,0,2,0.50044,0,1507710,3.01277e+06,0,0,0,0,0,47117,240,1790,7020,11630,physical,2,0:6,2
memory,zipf,0,2,0.500463,0,1609171,3.21537e+06,0,0,0,0,0,50288,180,3190,8470,13390,physical,2,0:6,3
memory,zipf,0,4,0.500115,0,1475213,2.94975e+06,0,0,0,0,0,46102,760,6351,10411,18051,physical,4,0:6:1:7,1
memory,zipf,0,4,0.500132,0,1487282,2.97378e+06,0,0,0,0,0,46480,800,6510,11000,18080,physical,4,0:6:1:7,2
memory,zipf,0,4,0.50013,0,1494628,2.98848e+06,0,0,0,0,0,46709,790,6370,10760,18631,physical,4,0:6:1:7,3
memory,zipf,0,8,0.500203,0,1379481,2.75784e+06,0,0,0,0,0,43114,1690,10790,18020,29540,physical,8,0:6:1:7:2:8:3:9,1
memory,zipf,0,8,0.500209,0,1361654,2.72217e+06,0,0,0,0,0,42555,1740,11041,18521,29140,physical,8,0:6:1:7:2:8:3:9,2
memory,zipf,0,8,0.500191,0,1366214,2.73139e+06,0,0,0,0,0,42698,1720,11070,18211,29310,physical,8,0:6:1:7:2:8:3:9,3
memory,zipf,0,12,0.500202,0,1247981,2.49495e+06,0,0,0,0,0,39004,3240,17170,27370,43561,physical,12,0:6:1:7:2:8:3:9:4:10:5:11,1
memory,zipf,0,12,0.500193,0,1345666,2.69029e+06,0,0,0,0,0,42058,3050,16120,25680,42940,physical,12,0:6:1:7:2:8:3:9:4:10:5:11,2
memory,zipf,0,12,0.500202,0,1343963,2.68684e+06,0,0,0,0,0,42004,3150,16260,26210,43831,physical,12,0:6:1:7:2:8:3:9:4:10:5:11,3
buffered,zipf,0,1,0.50013,0,357084,713982,0,0,0,0,0,44636,1380,1480,3200,5810,physical,1,0,1
buffered,zipf,0,1,0.500662,0,363905,726848,0,0,0,0,0,45489,1360,1450,3160,5250,physical,1,0,2
buffered,zipf,0,1,0.500413,0,365019,729436,0,0,0,0,0,45628,1350,1450,3130,5350,physical,1,0,3
buffered,zipf,0,2,0.500492,0,231403,462351,0,0,0,0,0,28926,1880,19540,41531,76520,physical,2,0:6,1
buffered,zipf,0,2,0.500774,0,233343,465965,0,0,0,0,0,29169,1820,19480,44131,81811,physical,2,0:6,2
buffered,zipf,0,2,0.500455,0,234331,468236,0,0,0,0,0,29292,1811,19660,46031,83621,physical,2,0:6,3
buffered,zipf,0,4,0.500151,0,215326,430522,0,0,0,0,0,26917,2330,36860,212342,424194,physical,4,0:6:1:7,1
buffered,zipf,0,4,0.500158,0,218722,437306,0,0,0,0,0,27342,2280,29620,203742,399924,physical,4,0:6:1:7,2
buffered,zipf,0,4,0.500147,0,218220,436311,0,0,0,0,0,27279,2281,20660,211912,458425,physical,4,0:6:1:7,3
buffered,zipf,0,8,0.500192,0,210217,420273,0,0,0,0,0,26282,2440,125782,418074,886910,physical,8,0:6:1:7:2:8:3:9,1
buffered,zipf,0,8,0.50018,0,197617,395092,0,0,0,0,0,24705,2580,107121,410244,896139,physical,8,0:6:1:7:2:8:3:9,2
buffered,zipf,0,8,0.50018,0,199085,398027,0,0,0,0,0,24891,2550,99691,451845,958180,physical,8,0:6:1:7:2:8:3:9,3
buffered,zipf,0,12,0.500232,0,202527,404866,0,0,0,0,0,25321,2480,113841,847618,1921320,physical,12,0:6:1:7:2:8:3:9:4:10:5:11,1
buffered,zipf,0,12,0.500243,0,202999,405801,0,0,0,0,0,25380,2510,147391,864279,2011071,physical,12,0:6:1:7:2:8:3:9:4:10:5:11,2
buffered,zipf,0,12,0.500258,0,200895,401583,0,0,0,0,0,25117,2530,174392,799508,1903530,physical,12,0:6:1:7:2:8:3:9:4:10:5:11,3
memory,uniform,95,1,0.500551,6897056,350143,1.44784e+07,216088,80,110,130,170,10387,100,140,150,270,physical,1,0,1
memory,uniform,95,1,0.500139,6914113,350989,1.45262e+07,216621,80,110,130,140,10414,100,130,150,160,physical,1,0,2
memory,uniform,95,1,0.500138,6913781,350980,1.45255e+07,216610,80,110,120,150,10414,100,140,150,240,physical,1,0,3
memory,uniform,95,2,0.500446,2389231,125024,5.02403e+06,75214,160,750,6930,8380,3358,1450,7140,8730,10900,physical,2,0:6,1
memory,uniform,95,2,0.500257,2557992,133865,5.38094e+06,80531,170,760,6750,8100,3590,1410,6990,7810,9900,physical,2,0:6,2
memory,uniform,95,2,0.500465,2795002,146404,5.87734e+06,88005,160,740,6600,8170,3915,1420,7050,8520,12470,physical,2,0:6,3
memory,uniform,95,4,0.500145,1575228,83031,3.31556e+06,49471,100,7160,8710,10151,2351,7120,71511,137902,213062,physical,4,0:6:1:7,1
memory,uniform,95,4,0.500135,1591780,83911,3.35048e+06,49999,100,7190,8631,10120,2369,7140,72701,132241,207922,physical,4,0:6:1:7,2
memory,uniform,95,4,0.500151,1556848,82048,3.2768e+06,48904,100,7120,8610,9990,2313,7070,71781,127361,200193,physical,4,0:6:1:7,3
memory,uniform,95,8,0.500207,1458468,76619,3.0689e+06,45549,110,7580,9280,11110,2426,7540,228282,421855,761928,physical,8,0:6:1:7:2:8:3:9,1
memory,uniform,95,8,0.500165,1408664,73973,2.96429e+06,43986,110,7690,9450,11320,2352,7640,262873,458955,773798,physical,8,0:6:1:7:2:8:3:9,2
memory,uniform,95,8,0.500178,1391591,73162,2.92846e+06,43452,110,7600,9330,11060,2325,7670,262933,505215,813429,physical,8,0:6:1:7:2:8:3:9,3
memory,uniform,95,12,0.500256,1372693,72329,2.88857e+06,42892,120,7870,10460,12660,2270,7900,451794,840739,1245773,physical,12,0:6:1:7:2:8:3:9:4:10:5:11,1
memory,uniform,95,12,0.500224,1314605,69352,2.76667e+06,41069,110,7890,10520,12790,2188,8170,506565,959430,1489655,physical,12,0:6:1:7:2:8:3:9:4:10:5:11,2
memory,uniform,95,12,0.500225,1313228,69210,2.76363e+06,41030,120,7970,10610,12850,2178,8000,438675,856829,1362474,physical,12,0:6:1:7:2:8:3:9:4:10:5:11,3
memory,zipf,95,1,0.500467,8496674,431309,1.78393e+07,266196,70,100,120,140,12804,80,120,140,150,physical,1,0,1
memory,zipf,95,1,0.500406,8468787,429907,1.7783e+07,265330,70,100,120,150,12755,80,120,150,220,physical,1,0,2
memory,zipf,95,1,0.500483,8518391,432446,1.78844e+07,266883,70,100,120,150,12831,80,120,140,220,physical,1,0,3
memory,zipf,95,2,0.500474,2537593,132809,5.33574e+06,79881,170,750,6850,8170,3570,1410,7010,8100,10480,physical,2,0:6,1
memory,zipf,95,2,0.500471,1851331,96854,3.89271e+06,58288,100,920,7250,8590,2594,5710,7490,9450,11480,physical,2,0:6,2
memory,zipf,95,2,0.500458,2404527,125826,5.05607e+06,75696,160,760,6961,8380,3379,1480,7150,8100,10621,physical,2,0:6,3
memory,zipf,95,4,0.500149,1572183,82863,3.30911e+06,49379,90,6950,8490,9960,2343,7080,89161,164131,237033,physical,4,0:6:1:7,1
memory,zipf,95,4,0.500174,1481750,78071,3.11856e+06,46548,90,7190,8660,10260,2198,7190,75621,148082,224993,physical,4,0:6:1:7,2
memory,zipf,95,4,0.500102,1573040,82931,3.31127e+06,49413,90,6940,8400,9970,2339,7131,71141,140312,233653,physical,4,0:6:1:7,3
memory,zipf,95,8,0.500225,1387947,72921,2.92042e+06,43335,100,7560,9390,11110,2321,7620,264203,561255,1138411,physical,8,0:6:1:7:2:8:3:9,1
memory,zipf,95,8,0.50019,1408770,73982,2.96438e+06,43982,100,7620,9340,11280,2358,7760,248732,490525,717027,physical,8,0:6:1:7:2:8:3:9,2
memory,zipf,95,8,0.50021,1485141,78072,3.12512e+06,46364,100,7340,9200,11010,2490,7590,244893,505836,837229,physical,8,0:6:1:7:2:8:3:9,3
memory,zipf,95,12,0.500237,1302518,68583,2.74091e+06,40709,110,7920,10650,12760,2144,8141,525495,962010,1686948,physical,12,0:6:1:7:2:8:3:9:4:10:5:11,1
memory,zipf,95,12,0.500229,1303853,68799,2.74405e+06,40749,110,7861,10600,12640,2152,8180,542796,1047701,1766289,physical,12,0:6:1:7:2:8:3:9:4:10:5:11,2
memory,zipf,95,12,0.500256,1293454,68189,2.72189e+06,40421,110,7930,10560,13040,2137,8220,531786,989970,1703858,physical,12,0:6:1:7:2:8:3:9:4:10:5:11,3
memory,uniform,90,1,0.50039,6498302,715739,1.44168e+07,204520,80,110,120,140,20919,100,130,150,170,physical,1,0,1
memory,uniform,90,1,0.500107,6493180,715164,1.44136e+07,204362,80,110,130,150,20899,100,130,150,240,physical,1,0,2
memory,uniform,90,1,0.50012,6528134,719059,1.44909e+07,205472,80,110,120,140,21003,100,130,150,170,physical,1,0,3
memory,uniform,90,2,0.500499,1499451,167057,3.32969e+06,47435,150,810,7110,8340,4644,1440,7291,8230,10790,physical,2,0:6,1
memory,uniform,90,2,0.500563,1411542,157242,3.13404e+06,44658,140,820,7180,8340,4367,1470,7320,8210,12810,physical,2,0:6,2
memory,uniform,90,2,0.500454,1462677,162846,3.2481e+06,46253,150,830,7110,8360,4546,1441,7280,8600,12881,physical,2,0:6,3
memory,uniform,90,4,0.500164,943961,105315,2.09787e+06,29748,100,7000,8260,10140,3044,6520,79561,175692,306613,physical,4,0:6:1:7,1
memory,uniform,90,4,0.500158,903923,100793,2.0088e+06,28491,100,7150,8370,9901,2908,6640,73450,161602,277603,physical,4,0:6:1:7,2
memory,uniform,90,4,0.500135,915577,102083,2.03477e+06,28850,100,7130,8300,9840,2954,6520,78350,167042,329924,physical,4,0:6:1:7,3
memory,uniform,90,8,0.500176,839627,93369,1.86534e+06,26242,110,7541,9210,10851,2918,7100,262763,541276,1225742,physical,8,0:6:1:7:2:8:3:9,1
memory,uniform,90,8,0.500169,879752,97895,1.95463e+06,27503,110,7291,9120,11450,3053,6871,209752,502035,919420,physical,8,0:6:1:7:2:8:3:9,2
memory,uniform,90,8,0.500185,865398,96340,1.92276e+06,27045,110,7450,9130,10950,3013,6810,221042,466994,851389,physical,8,0:6:1:7:2:8:3:9,3
memory,uniform,90,12,0.500285,791610,88104,1.75843e+06,24738,120,8050,10530,13140,2759,7320,418314,1062531,2342464,physical,12,0:6:1:7:2:8:3:9:4:10:5:11,1
memory,uniform,90,12,0.500228,794565,88484,1.76529e+06,24836,120,8140,10470,13050,2766,7270,454005,1017020,1920260,physical,12,0:6:1:7:2:8:3:9:4:10:5:11,2
memory,uniform,90,12,0.500233,839529,93527,1.86524e+06,26224,120,7880,10340,12340,2941,7370,441544,907719,1537946,physical,12,0:6:1:7:2:8:3:9:4:10:5:11,3
memory,zipf,90,1,0.500122,7992713,880337,1.77418e+07,251561,70,100,120,140,25722,80,120,140,160,physical,1,0,1
memory,zipf,90,1,0.500391,7915064,871778,1.75599e+07,249110,70,100,120,150,25479,80,120,140,230,physical,1,0,2
memory,zipf,90,1,0.500147,7984395,879379,1.77224e+07,251292,60,100,120,140,25701,80,120,140,250,physical,1,0,3
memory,zipf,90,2,0.500474,1392452,155162,3.0923e+06,44063,160,890,7270,8310,4301,1460,7410,8450,12710,physical,2,0:6,1
memory,zipf,90,2,0.500463,1560362,173847,3.46521e+06,49369,150,810,7140,8340,4826,1400,7290,8350,11140,physical,2,0:6,2
memory,zipf,90,2,0.500579,1295406,144303,2.87609e+06,40991,150,940,7300,8380,4001,1540,7470,8810,11660,physical,2,0:6,3
memory,zipf,90,4,0.500142,904952,100889,2.01111e+06,28525,90,7160,8360,9900,2909,6660,80041,217382,356474,physical,4,0:6:1:7,1
memory,zipf,90,4,0.50013,967344,107912,2.14995e+06,30478,90,6970,8230,9870,3126,6381,66651,160812,313644,physical,4,0:6:1:7,2
memory,zipf,90,4,0.500117,973061,108538,2.16269e+06,30659,90,6900,8300,9970,3142,6460,76540,176272,297684,physical,4,0:6:1:7,3
memory,zipf,90,8,0.500203,899572,100115,1.99856e+06,28109,100,7270,9080,10800,3135,6660,213092,494725,806718,physical,8,0:6:1:7:2:8:3:9,1
memory,zipf,90,8,0.500163,835231,92951,1.85576e+06,26117,100,7570,9470,11340,2893,7190,240173,557446,1014120,physical,8,0:6:1:7:2:8:3:9,2
memory,zipf,90,8,0.500215,903325,100499,2.00679e+06,28220,100,7140,9020,10540,3152,6680,222453,542996,1017480,physical,8,0:6:1:7:2:8:3:9,3
memory,zipf,90,12,0.500254,852559,94968,1.89409e+06,26618,110,7870,10330,12121,2996,6880,389064,899769,1991401,physical,12,0:6:1:7:2:8:3:9:4:10:5:11,1
memory,zipf,90,12,0.500215,830725,92489,1.84564e+06,25950,110,7990,10510,12560,2908,7250,369404,1050911,1796148,physical,12,0:6:1:7:2:8:3:9:4:10:5:11,2
memory,zipf,90,12,0.500236,817083,91069,1.81545e+06,25526,110,7950,10430,12970,2860,7221,360133,993081,1732258,physical,12,0:6:1:7:2:8:3:9:4:10:5:11,3
memory,uniform,70,1,0.500506,4904380,2065516,1.39257e+07,153471,80,110,130,140,64339,100,130,140,160,physical,1,0,1
memory,uniform,70,1,0.500402,4934105,2077970,1.40129e+07,154394,80,110,130,150,64734,90,130,140,230,physical,1,0,2
memory,uniform,70,1,0.50014,4924105,2073692,1.39917e+07,154083,80,110,130,150,64599,90,130,140,230,physical,1,0,3
memory,uniform,70,2,0.500473,581619,247928,1.65753e+06,18235,110,6810,7340,8280,7689,280,7840,10000,15220,physical,2,0:6,1
memory,uniform,70,2,0.5006,715279,304834,2.03778e+06,22440,160,6140,7270,8220,9440,840,7370,8650,12990,physical,2,0:6,2
memory,uniform,70,2,0.500145,785825,334913,2.24083e+06,24655,150,1390,7160,8160,10369,870,7270,9090,13310,physical,2,0:6,3
memory,uniform,70,4,0.500159,573770,246117,1.63925e+06,18011,110,7081,8180,9830,7613,340,36480,85471,151971,physical,4,0:6:1:7,1
memory,uniform,70,4,0.50014,567631,243449,1.6217e+06,17823,120,7100,8300,10410,7525,300,32881,81041,134142,physical,4,0:6:1:7,2
memory,uniform,70,4,0.500128,594423,254939,1.69829e+06,18656,120,7140,8140,9930,7889,690,32540,76361,126101,physical,4,0:6:1:7,3
memory,uniform,70,8,0.50022,551001,236005,1.57332e+06,17333,130,7260,8770,10960,7266,660,96391,222022,407914,physical,8,0:6:1:7:2:8:3:9,1
memory,uniform,70,8,0.500205,524332,224622,1.4973e+06,16497,130,7480,8820,10200,6911,340,103461,227092,431845,physical,8,0:6:1:7:2:8:3:9,2
memory,uniform,70,8,0.500186,546169,233985,1.55973e+06,17175,140,7400,8730,10350,7211,720,99081,212182,354724,physical,8,0:6:1:7:2:8:3:9,3
memory,uniform,70,12,0.500233,538536,230610,1.53757e+06,16943,140,7520,9530,11520,7098,340,158582,355193,624706,physical,12,0:6:1:7:2:8:3:9:4:10:5:11,1
memory,uniform,70,12,0.500238,550681,235622,1.57186e+06,17309,140,7350,9310,11500,7269,590,157811,364454,710048,physical,12,0:6:1:7:2:8:3:9:4:10:5:11,2
memory,uniform,70,12,0.500238,531950,227622,1.51842e+06,16722,140,7620,9500,11860,7020,330,162321,379784,696388,physical,12,0:6:1:7:2:8:3:9:4:10:5:11,3
memory,zipf,70,1,0.50012,5996758,2525495,1.70404e+07,187640,70,100,120,140,78681,80,120,140,150,physical,1,0,1
memory,zipf,70,1,0.500381,6020858,2535697,1.71001e+07,188401,70,100,120,150,78992,80,120,130,210,physical,1,0,2
memory,zipf,70,1,0.500411,5974712,2516259,1.6968e+07,186957,70,100,120,140,78386,80,120,140,200,physical,1,0,3
memory,zipf,70,2,0.500157,914673,389855,2.60824e+06,28696,160,940,7030,8040,12072,840,7100,8610,12370,physical,2,0:6,1
memory,zipf,70,2,0.500462,804333,342784,2.29212e+06,25234,160,1390,7240,8120,10614,800,7310,8330,12981,physical,2,0:6,2
memory,zipf,70,2,0.500504,659840,281344,1.88047e+06,20711,120,6660,7380,8380,8702,300,7680,9180,13420,physical,2,0:6,3
memory,zipf,70,4,0.500117,643564,276129,1.83895e+06,20227,110,6940,8060,9820,8515,330,32710,79830,134682,physical,4,0:6:1:7,1
memory,zipf,70,4,0.500147,607460,260529,1.73547e+06,19054,100,7050,8151,9861,8072,260,32580,82210,162441,physical,4,0:6:1:7,2
memory,zipf,70,4,0.500141,628114,269346,1.79441e+06,19730,110,6910,8090,9911,8318,300,28290,76131,153971,physical,4,0:6:1:7,3
memory,zipf,70,8,0.500191,569294,243776,1.62552e+06,17890,120,7190,8750,10570,7521,300,103891,225923,450405,physical,8,0:6:1:7:2:8:3:9,1
memory,zipf,70,8,0.500211,585927,250853,1.67286e+06,18422,120,7240,8700,10670,7730,320,97771,209802,430404,physical,8,0:6:1:7:2:8:3:9,2
memory,zipf,70,8,0.500195,594585,254512,1.69753e+06,18689,120,7130,8670,10550,7849,310,95671,212512,414734,physical,8,0:6:1:7:2:8:3:9,3
memory,zipf,70,12,0.500233,571963,244848,1.63286e+06,17980,120,7420,9471,11650,7551,290,162452,405264,684867,physical,12,0:6:1:7:2:8:3:9:4:10:5:11,1
memory,zipf,70,12,0.500249,569214,243696,1.62501e+06,17899,120,7540,9630,11190,7510,280,163572,384454,833238,physical,12,0:6:1:7:2:8:3:9:4:10:5:11,2
memory,zipf,70,12,0.500209,571123,244502,1.63057e+06,17957,120,7320,9431,11650,7536,290,161701,411614,674427,physical,12,0:6:1:7:2:8:3:9:4:10:5:11,3
memory,uniform,50,1,0.50046,3437040,3368537,1.35986e+07,109151,80,110,130,160,103524,90,120,140,230,physical,1,0,1
memory,uniform,50,1,0.500142,3448398,3379597,1.36521e+07,109498,80,120,130,150,103877,90,120,140,160,physical,1,0,2
memory,uniform,50,1,0.500406,3423899,3355686,1.35482e+07,108722,80,110,130,160,103141,90,120,140,220,physical,1,0,3
memory,uniform,50,2,0.500465,561924,555925,2.23362e+06,17806,180,1390,6980,8070,17127,750,6890,7910,12571,physical,2,0:6,1
memory,uniform,50,2,0.500468,582816,576711,2.31689e+06,18475,180,1340,7000,8000,17761,740,6790,7910,12630,physical,2,0:6,2
memory,uniform,50,2,0.500455,573607,567636,2.28041e+06,18181,170,1290,7010,8320,17484,720,6940,8220,12470,physical,2,0:6,3
memory,uniform,50,4,0.500159,435411,433803,1.73787e+06,13860,150,6930,8290,10140,13304,290,20980,47990,86861,physical,4,0:6:1:7,1
memory,uniform,50,4,0.500148,426551,424881,1.70236e+06,13609,150,6900,8250,9940,13000,280,22660,47100,81431,physical,4,0:6:1:7,2
memory,uniform,50,4,0.500153,435519,433839,1.73818e+06,13860,160,6850,8310,10240,13310,290,21830,44970,82731,physical,4,0:6:1:7,3
memory,uniform,50,8,0.500188,393440,393478,1.57324e+06,12487,170,7450,8970,11291,12108,300,63570,135031,242753,physical,8,0:6:1:7:2:8:3:9,1
memory,uniform,50,8,0.50018,394444,394574,1.57747e+06,12523,160,7390,8940,11260,12138,290,59630,125791,239932,physical,8,0:6:1:7:2:8:3:9,2
memory,uniform,50,8,0.500194,398813,398822,1.59465e+06,12645,160,7341,8780,10470,12284,290,62271,126852,231463,physical,8,0:6:1:7:2:8:3:9,3
memory,uniform,50,12,0.500234,407374,407390,1.62877e+06,12807,180,7200,8820,11040,12660,320,90891,210902,364134,physical,12,0:6:1:7:2:8:3:9:4:10:5:11,1
memory,uniform,50,12,0.50021,406519,406504,1.62536e+06,12783,170,7110,8800,11170,12632,330,90461,195612,356623,physical,12,0:6:1:7:2:8:3:9:4:10:5:11,2
memory,uniform,50,12,0.500231,401816,401892,1.60667e+06,12646,170,7130,8850,11120,12477,310,99201,210422,384344,physical,12,0:6:1:7:2:8:3:9:4:10:5:11,3
memory,zipf,50,1,0.500112,4188001,4104509,1.65813e+07,132984,70,100,120,150,126157,70,120,130,150,physical,1,0,1
memory,zipf,50,1,0.500115,4189904,4106354,1.65887e+07,133047,70,100,120,160,126212,70,110,130,200,physical,1,0,2
memory,zipf,50,1,0.50014,4193517,4109945,1.66023e+07,133167,70,110,120,150,126317,70,110,130,150,physical,1,0,3
memory,zipf,50,2,0.500452,656190,649287,2.6086e+06,20805,180,1050,6940,7640,19992,780,4080,7670,9590,physical,2,0:6,1
memory,zipf,50,2,0.500122,619253,612582,2.46307e+06,19616,170,1160,7080,8010,18880,310,7010,8540,13330,physical,2,0:6,2
memory,zipf,50,2,0.500469,540372,534645,2.14802e+06,17116,140,1820,7180,7860,16479,220,7351,9450,14020,physical,2,0:6,3
memory,zipf,50,4,0.500145,461691,460077,1.843e+06,14732,140,6990,8300,9910,14075,240,21490,48100,83281,physical,4,0:6:1:7,1
memory,zipf,50,4,0.500146,481857,480140,1.92343e+06,15376,140,6790,8230,10190,14689,250,20030,45140,80691,physical,4,0:6:1:7,2
memory,zipf,50,4,0.500139,487083,485448,1.94452e+06,15542,140,6730,8190,10020,14851,250,20090,45041,84801,physical,4,0:6:1:7,3
memory,zipf,50,8,0.50023,433488,433534,1.73325e+06,13737,150,7310,8780,11110,13360,260,56570,125551,215942,physical,8,0:6:1:7:2:8:3:9,1
memory,zipf,50,8,0.500194,423826,423784,1.69456e+06,13451,160,7370,9520,12191,13042,280,57361,118132,207072,physical,8,0:6:1:7:2:8:3:9,2
memory,zipf,50,8,0.50021,439974,440001,1.75921e+06,13931,150,7090,8740,11231,13572,280,52780,117981,195212,physical,8,0:6:1:7:2:8:3:9,3
memory,zipf,50,12,0.500228,446382,445959,1.78387e+06,14042,150,7000,8920,10771,13849,280,82521,187322,377954,physical,12,0:6:1:7:2:8:3:9:4:10:5:11,1
memory,zipf,50,12,0.50022,437969,437899,1.75096e+06,13770,160,7100,8870,10880,13606,280,93471,206203,372894,physical,12,0:6:1:7:2:8:3:9:4:10:5:11,2
memory,zipf,50,12,0.500191,442220,441950,1.76767e+06,13899,160,6920,8870,10690,13736,280,86531,201833,346794,physical,12,0:6:1:7:2:8:3:9:4:10:5:11,3
