mode,distribution,read_percent,threads,group_delay_us,group_max_batch,seconds,reads,writes,ops_per_sec,read_samples,read_p50_ns,read_p95_ns,read_p99_ns,read_p999_ns,write_samples,write_p50_ns,write_p95_ns,write_p99_ns,write_p999_ns,placement,physical_cores_used,cpus,repetition,average_batch_size,batch_p95,batch_p99,fdatasync_calls_per_sec,writes_per_sync
memory,uniform,100,1,0,0,0.500411,7185426,0,1.4359e+07,224545,90,110,130,160,0,0,0,0,0,physical,1,0,1,,,,,
memory,uniform,100,1,0,0,0.500415,7197638,0,1.43833e+07,224927,80,110,120,150,0,0,0,0,0,physical,1,0,2,,,,,
memory,uniform,100,1,0,0,0.50047,7187880,0,1.43623e+07,224622,80,110,120,160,0,0,0,0,0,physical,1,0,3,,,,,
memory,uniform,100,2,0,0,0.500476,8982200,0,1.79473e+07,280695,130,200,230,410,0,0,0,0,0,physical,2,0:6,1,,,,,
memory,uniform,100,2,0,0,0.500487,8997514,0,1.79775e+07,281173,130,200,230,420,0,0,0,0,0,physical,2,0:6,2,,,,,
memory,uniform,100,2,0,0,0.500468,8977306,0,1.79378e+07,280542,130,200,240,430,0,0,0,0,0,physical,2,0:6,3,,,,,
memory,uniform,100,4,0,0,0.50015,16589630,0,3.31693e+07,518427,140,220,290,460,0,0,0,0,0,physical,4,0:6:1:7,1,,,,,
memory,uniform,100,4,0,0,0.50015,16581073,0,3.31522e+07,518160,140,220,290,470,0,0,0,0,0,physical,4,0:6:1:7,2,,,,,
memory,uniform,100,4,0,0,0.500149,16589454,0,3.3169e+07,518423,140,220,290,470,0,0,0,0,0,physical,4,0:6:1:7,3,,,,,
memory,uniform,100,8,0,0,0.500205,30677899,0,6.13307e+07,958688,150,270,360,540,0,0,0,0,0,physical,8,0:6:1:7:2:8:3:9,1,,,,,
memory,uniform,100,8,0,0,0.500232,30625248,0,6.12221e+07,957041,150,270,360,540,0,0,0,0,0,physical,8,0:6:1:7:2:8:3:9,2,,,,,
memory,uniform,100,8,0,0,0.500207,30608588,0,6.11919e+07,956521,150,270,360,540,0,0,0,0,0,physical,8,0:6:1:7:2:8:3:9,3,,,,,
memory,uniform,100,12,0,0,0.500251,44516204,0,8.89877e+07,1391138,150,280,370,550,0,0,0,0,0,physical,12,0:6:1:7:2:8:3:9:4:10:5:11,1,,,,,
memory,uniform,100,12,0,0,0.500209,44456804,0,8.88765e+07,1389281,150,280,370,560,0,0,0,0,0,physical,12,0:6:1:7:2:8:3:9:4:10:5:11,2,,,,,
memory,uniform,100,12,0,0,0.500219,44386344,0,8.87338e+07,1387080,150,280,370,560,0,0,0,0,0,physical,12,0:6:1:7:2:8:3:9:4:10:5:11,3,,,,,
memory,uniform,100,24,0,0,0.500574,68722843,0,1.37288e+08,2147600,180,350,500,750,0,0,0,0,0,smt,12,0:6:1:7:2:8:3:9:4:10:5:11:12:18:13:19:14:20:15:21:16:22:17:23,1,,,,,
memory,uniform,100,24,0,0,0.500664,68484292,0,1.36787e+08,2140145,180,360,510,760,0,0,0,0,0,smt,12,0:6:1:7:2:8:3:9:4:10:5:11:12:18:13:19:14:20:15:21:16:22:17:23,2,,,,,
memory,uniform,100,24,0,0,0.500686,68629291,0,1.37071e+08,2144676,180,350,510,750,0,0,0,0,0,smt,12,0:6:1:7:2:8:3:9:4:10:5:11:12:18:13:19:14:20:15:21:16:22:17:23,3,,,,,
memory,zipf,100,1,0,0,0.50041,8584832,0,1.71556e+07,268276,70,100,120,140,0,0,0,0,0,physical,1,0,1,,,,,
memory,zipf,100,1,0,0,0.500568,8617993,0,1.72164e+07,269313,70,100,120,150,0,0,0,0,0,physical,1,0,2,,,,,
memory,zipf,100,1,0,0,0.500478,8649237,0,1.72819e+07,270289,70,100,120,140,0,0,0,0,0,physical,1,0,3,,,,,
memory,zipf,100,2,0,0,0.500145,10068848,0,2.01318e+07,314652,120,200,230,420,0,0,0,0,0,physical,2,0:6,1,,,,,
memory,zipf,100,2,0,0,0.500473,10132047,0,2.02449e+07,316627,120,190,230,420,0,0,0,0,0,physical,2,0:6,2,,,,,
memory,zipf,100,2,0,0,0.500153,10102644,0,2.01991e+07,315709,120,190,230,420,0,0,0,0,0,physical,2,0:6,3,,,,,
memory,zipf,100,4,0,0,0.500168,18548780,0,3.70851e+07,579651,120,210,280,470,0,0,0,0,0,physical,4,0:6:1:7,1,,,,,
memory,zipf,100,4,0,0,0.500152,18538186,0,3.70651e+07,579320,120,210,280,470,0,0,0,0,0,physical,4,0:6:1:7,2,,,,,
memory,zipf,100,4,0,0,0.500151,18551402,0,3.70916e+07,579732,120,210,280,480,0,0,0,0,0,physical,4,0:6:1:7,3,,,,,
memory,zipf,100,8,0,0,0.500225,32540051,0,6.50508e+07,1016879,140,270,410,630,0,0,0,0,0,physical,8,0:6:1:7:2:8:3:9,1,,,,,
memory,zipf,100,8,0,0,0.500222,32600564,0,6.51722e+07,1018772,130,270,410,630,0,0,0,0,0,physical,8,0:6:1:7:2:8:3:9,2,,,,,
memory,zipf,100,8,0,0,0.500214,32571964,0,6.51161e+07,1017879,140,270,410,630,0,0,0,0,0,physical,8,0:6:1:7:2:8:3:9,3,,,,,
memory,zipf,100,12,0,0,0.500216,44985473,0,8.99321e+07,1405799,140,310,510,860,0,0,0,0,0,physical,12,0:6:1:7:2:8:3:9:4:10:5:11,1,,,,,
memory,zipf,100,12,0,0,0.500215,44898730,0,8.97588e+07,1403091,140,310,510,860,0,0,0,0,0,physical,12,0:6:1:7:2:8:3:9:4:10:5:11,2,,,,,
memory,zipf,100,12,0,0,0.500247,44975721,0,8.99071e+07,1405497,140,310,510,850,0,0,0,0,0,physical,12,0:6:1:7:2:8:3:9:4:10:5:11,3,,,,,
memory,single-key,100,1,0,0,0.500151,16793371,0,3.35766e+07,524793,50,50,50,60,0,0,0,0,0,physical,1,0,1,,,,,
memory,single-key,100,1,0,0,0.500483,17038844,0,3.40448e+07,532464,40,50,50,60,0,0,0,0,0,physical,1,0,2,,,,,
memory,single-key,100,1,0,0,0.500681,17077306,0,3.41082e+07,533666,40,50,50,60,0,0,0,0,0,physical,1,0,3,,,,,
memory,single-key,100,2,0,0,0.500473,10922159,0,2.18237e+07,341319,160,170,180,200,0,0,0,0,0,physical,2,0:6,1,,,,,
memory,single-key,100,2,0,0,0.500465,10974281,0,2.19282e+07,342948,160,170,180,190,0,0,0,0,0,physical,2,0:6,2,,,,,
memory,single-key,100,2,0,0,0.500484,10930510,0,2.18399e+07,341579,160,170,180,190,0,0,0,0,0,physical,2,0:6,3,,,,,
memory,single-key,100,4,0,0,0.500144,15261511,0,3.05142e+07,476924,200,810,1020,1360,0,0,0,0,0,physical,4,0:6:1:7,1,,,,,
memory,single-key,100,4,0,0,0.500141,15171451,0,3.03343e+07,474111,200,810,1020,1340,0,0,0,0,0,physical,4,0:6:1:7,2,,,,,
memory,single-key,100,4,0,0,0.500114,15388489,0,3.077e+07,480892,200,810,1020,1340,0,0,0,0,0,physical,4,0:6:1:7,3,,,,,
memory,single-key,100,8,0,0,0.500232,13802089,0,2.75914e+07,431318,340,1110,1660,2610,0,0,0,0,0,physical,8,0:6:1:7:2:8:3:9,1,,,,,
memory,single-key,100,8,0,0,0.500197,13795327,0,2.75798e+07,431107,340,1110,1660,2570,0,0,0,0,0,physical,8,0:6:1:7:2:8:3:9,2,,,,,
memory,single-key,100,8,0,0,0.50018,13778689,0,2.75475e+07,430587,350,1110,1650,2580,0,0,0,0,0,physical,8,0:6:1:7:2:8:3:9,3,,,,,
memory,single-key,100,12,0,0,0.500237,17324279,0,3.46321e+07,541392,590,1390,1990,3080,0,0,0,0,0,physical,12,0:6:1:7:2:8:3:9:4:10:5:11,1,,,,,
memory,single-key,100,12,0,0,0.500204,17293218,0,3.45723e+07,540419,600,1390,1980,3070,0,0,0,0,0,physical,12,0:6:1:7:2:8:3:9:4:10:5:11,2,,,,,
memory,single-key,100,12,0,0,0.500249,17304462,0,3.45917e+07,540770,591,1390,1980,3090,0,0,0,0,0,physical,12,0:6:1:7:2:8:3:9:4:10:5:11,3,,,,,
memory,disjoint-shard,0,1,0,0,0.500401,0,6125875,1.22419e+07,0,0,0,0,0,191434,100,130,140,170,physical,1,0,1,,,,,
memory,disjoint-shard,0,1,0,0,0.500144,0,6148962,1.22944e+07,0,0,0,0,0,192156,100,130,140,260,physical,1,0,2,,,,,
memory,disjoint-shard,0,1,0,0,0.500137,0,6167913,1.23325e+07,0,0,0,0,0,192748,100,130,140,240,physical,1,0,3,,,,,
memory,disjoint-shard,0,2,0,0,0.500456,0,11658603,2.32959e+07,0,0,0,0,0,364333,100,130,180,360,physical,2,0:6,1,,,,,
memory,disjoint-shard,0,2,0,0,0.500585,0,11616875,2.32066e+07,0,0,0,0,0,363029,100,130,180,340,physical,2,0:6,2,,,,,
memory,disjoint-shard,0,2,0,0,0.500418,0,11593463,2.31676e+07,0,0,0,0,0,362297,100,130,190,340,physical,2,0:6,3,,,,,
memory,disjoint-shard,0,4,0,0,0.50014,0,22532971,4.50533e+07,0,0,0,0,0,704157,100,140,200,390,physical,4,0:6:1:7,1,,,,,
memory,disjoint-shard,0,4,0,0,0.5039,0,22773306,4.51941e+07,0,0,0,0,0,711667,100,140,200,380,physical,4,0:6:1:7,2,,,,,
memory,disjoint-shard,0,4,0,0,0.50015,0,22528380,4.50432e+07,0,0,0,0,0,704014,100,140,200,380,physical,4,0:6:1:7,3,,,,,
memory,disjoint-shard,0,8,0,0,0.50021,0,43792982,8.75492e+07,0,0,0,0,0,1368535,100,160,220,410,physical,8,0:6:1:7:2:8:3:9,1,,,,,
memory,disjoint-shard,0,8,0,0,0.500241,0,43662315,8.72826e+07,0,0,0,0,0,1364451,100,160,220,420,physical,8,0:6:1:7:2:8:3:9,2,,,,,
memory,disjoint-shard,0,8,0,0,0.500163,0,43524378,8.70203e+07,0,0,0,0,0,1360140,100,170,220,420,physical,8,0:6:1:7:2:8:3:9,3,,,,,
memory,disjoint-shard,0,12,0,0,0.500264,0,63165461,1.26264e+08,0,0,0,0,0,1973927,110,170,230,430,physical,12,0:6:1:7:2:8:3:9:4:10:5:11,1,,,,,
memory,disjoint-shard,0,12,0,0,0.500207,0,62742818,1.25434e+08,0,0,0,0,0,1960719,110,170,230,440,physical,12,0:6:1:7:2:8:3:9:4:10:5:11,2,,,,,
memory,disjoint-shard,0,12,0,0,0.500243,0,62916767,1.25772e+08,0,0,0,0,0,1966155,110,170,230,430,physical,12,0:6:1:7:2:8:3:9:4:10:5:11,3,,,,,
buffered,disjoint-shard,0,1,0,0,0.500142,0,339726,679259,0,0,0,0,0,42466,1450,1510,3230,5650,physical,1,0,1,0,0,0,0,0
buffered,disjoint-shard,0,1,0,0,0.500144,0,344125,688052,0,0,0,0,0,43016,1420,1520,3200,5670,physical,1,0,2,0,0,0,0,0
buffered,disjoint-shard,0,1,0,0,0.500132,0,343618,687054,0,0,0,0,0,42953,1430,1490,3200,5740,physical,1,0,3,0,0,0,0,0
buffered,disjoint-shard,0,2,0,0,0.500477,0,218970,437523,0,0,0,0,0,27372,1960,14800,24250,39790,physical,2,0:6,1,0,0,0,0,0
buffered,disjoint-shard,0,2,0,0,0.500449,0,217150,433910,0,0,0,0,0,27144,1960,14841,24860,44220,physical,2,0:6,2,0,0,0,0,0
buffered,disjoint-shard,0,2,0,0,0.500592,0,217245,433976,0,0,0,0,0,27157,2010,15080,25290,43370,physical,2,0:6,3,0,0,0,0,0
buffered,disjoint-shard,0,4,0,0,0.500145,0,226642,453153,0,0,0,0,0,28332,8770,23670,40721,70381,physical,4,0:6:1:7,1,0,0,0,0,0
buffered,disjoint-shard,0,4,0,0,0.500158,0,226923,453702,0,0,0,0,0,28368,8750,23290,41810,64710,physical,4,0:6:1:7,2,0,0,0,0,0
buffered,disjoint-shard,0,4,0,0,0.500142,0,226866,453603,0,0,0,0,0,28360,8720,23751,42291,70111,physical,4,0:6:1:7,3,0,0,0,0,0
buffered,disjoint-shard,0,8,0,0,0.500302,0,204291,408335,0,0,0,0,0,25539,19210,61760,107831,188932,physical,8,0:6:1:7:2:8:3:9,1,0,0,0,0,0
buffered,disjoint-shard,0,8,0,0,0.500445,0,204127,407891,0,0,0,0,0,25520,19301,61741,103561,170462,physical,8,0:6:1:7:2:8:3:9,2,0,0,0,0,0
buffered,disjoint-shard,0,8,0,0,0.500341,0,203991,407704,0,0,0,0,0,25502,19360,60431,101721,178572,physical,8,0:6:1:7:2:8:3:9,3,0,0,0,0,0
buffered,disjoint-shard,0,12,0,0,0.500982,0,206608,412406,0,0,0,0,0,25833,28981,93081,152932,241793,physical,12,0:6:1:7:2:8:3:9:4:10:5:11,1,0,0,0,0,0
buffered,disjoint-shard,0,12,0,0,0.500321,0,207390,414514,0,0,0,0,0,25930,28960,91701,151562,238202,physical,12,0:6:1:7:2:8:3:9:4:10:5:11,2,0,0,0,0,0
buffered,disjoint-shard,0,12,0,0,0.50023,0,207255,414319,0,0,0,0,0,25912,29040,91291,147451,248952,physical,12,0:6:1:7:2:8:3:9:4:10:5:11,3,0,0,0,0,0
sync,disjoint-shard,0,1,0,0,0.500492,0,1553,3102.95,0,0,0,0,0,1553,316523,347473,401574,785648,physical,1,0,1,1,1,1,3102.95,1
sync,disjoint-shard,0,1,0,0,0.500496,0,1548,3092.93,0,0,0,0,0,1548,316554,347784,405104,821669,physical,1,0,2,1,1,1,3092.93,1
sync,disjoint-shard,0,1,0,0,0.500646,0,1556,3107.98,0,0,0,0,0,1556,316104,346974,408804,633506,physical,1,0,3,1,1,1,3107.98,1
sync,disjoint-shard,0,2,0,0,0.50083,0,1540,3074.89,0,0,0,0,0,1540,319114,364653,416134,83951705,physical,2,0:6,1,1,1,1,3074.89,1
sync,disjoint-shard,0,2,0,0,0.500583,0,1534,3064.43,0,0,0,0,0,1534,320603,361814,415485,157012607,physical,2,0:6,2,1,1,1,3064.43,1
sync,disjoint-shard,0,2,0,0,0.500882,0,1526,3046.63,0,0,0,0,0,1526,320423,368564,425534,76329686,physical,2,0:6,3,1,1,1,3046.63,1
sync,disjoint-shard,0,4,0,0,0.501857,0,1494,2976.94,0,0,0,0,0,1494,323854,369174,424554,351826598,physical,4,0:6:1:7,1,1,1,1,2976.94,1
sync,disjoint-shard,0,4,0,0,0.501707,0,1509,3007.73,0,0,0,0,0,1509,324643,372894,424404,306312224,physical,4,0:6:1:7,2,1,1,1,3007.73,1
sync,disjoint-shard,0,4,0,0,0.5013,0,1522,3036.1,0,0,0,0,0,1522,322593,370414,421185,308542677,physical,4,0:6:1:7,3,1,1,1,3036.1,1
sync,disjoint-shard,0,8,0,0,0.50304,0,1532,3045.48,0,0,0,0,0,1532,320873,367113,456855,501622211,physical,8,0:6:1:7:2:8:3:9,1,1,1,1,3045.48,1
sync,disjoint-shard,0,8,0,0,0.503102,0,1550,3080.89,0,0,0,0,0,1550,318643,362863,422044,502619831,physical,8,0:6:1:7:2:8:3:9,2,1,1,1,3080.89,1
sync,disjoint-shard,0,8,0,0,0.50308,0,1548,3077.05,0,0,0,0,0,1548,319723,352464,376994,502479339,physical,8,0:6:1:7:2:8:3:9,3,1,1,1,3077.05,1
sync,disjoint-shard,0,12,0,0,0.504718,0,1551,3073.01,0,0,0,0,0,1551,320284,354974,650687,504035726,physical,12,0:6:1:7:2:8:3:9:4:10:5:11,1,1,1,1,3073.01,1
sync,disjoint-shard,0,12,0,0,0.504544,0,1546,3064.15,0,0,0,0,0,1546,321403,354344,405935,503859364,physical,12,0:6:1:7:2:8:3:9:4:10:5:11,2,1,1,1,3064.15,1
sync,disjoint-shard,0,12,0,0,0.504712,0,1512,2995.77,0,0,0,0,0,1512,322683,357734,419015,504210647,physical,12,0:6:1:7:2:8:3:9:4:10:5:11,3,1,1,1,2995.77,1
group,disjoint-shard,0,1,20,32,0.50053,0,1199,2395.46,0,0,0,0,0,1199,409255,446675,509985,1683448,physical,1,0,1,1,1,1,2395.46,1
group,disjoint-shard,0,1,20,32,0.501065,0,1216,2426.83,0,0,0,0,0,1216,406975,438284,490935,779628,physical,1,0,2,1,1,1,2426.83,1
group,disjoint-shard,0,1,20,32,0.500709,0,1222,2440.54,0,0,0,0,0,1222,407834,437344,453945,619366,physical,1,0,3,1,1,1,2440.54,1
group,disjoint-shard,0,2,20,32,0.500327,0,2422,4840.83,0,0,0,0,0,2422,405824,442545,498325,927309,physical,2,0:6,1,2,2,2,2420.42,2
group,disjoint-shard,0,2,20,32,0.500502,0,2418,4831.15,0,0,0,0,0,2418,409354,449105,505846,839938,physical,2,0:6,2,2,2,2,2415.57,2
group,disjoint-shard,0,2,20,32,0.500261,0,2392,4781.51,0,0,0,0,0,2392,409544,453185,722138,968480,physical,2,0:6,3,2,2,2,2390.75,2
group,disjoint-shard,0,4,20,32,0.500742,0,4812,9609.73,0,0,0,0,0,4812,411584,452915,494445,615507,physical,4,0:6:1:7,1,4,4,4,2402.43,4
group,disjoint-shard,0,4,20,32,0.500419,0,4836,9663.9,0,0,0,0,0,4836,409374,451005,506455,600666,physical,4,0:6:1:7,2,4,4,4,2415.98,4
group,disjoint-shard,0,4,20,32,0.500385,0,4868,9728.51,0,0,0,0,0,4868,407504,446495,471035,511986,physical,4,0:6:1:7,3,4,4,4,2432.13,4
group,disjoint-shard,0,8,20,32,0.500403,0,9547,19078.6,0,0,0,0,0,9547,411344,461515,494515,633196,physical,8,0:6:1:7:2:8:3:9,1,7.99581,8,8,2386.08,7.99581
group,disjoint-shard,0,8,20,32,0.500574,0,9204,18386.9,0,0,0,0,0,9204,431764,495345,526285,883240,physical,8,0:6:1:7:2:8:3:9,2,7.99652,8,8,2299.36,7.99652
group,disjoint-shard,0,8,20,32,0.500675,0,9585,19144.2,0,0,0,0,0,9585,409144,461145,503915,638706,physical,8,0:6:1:7:2:8:3:9,3,7.99416,8,8,2394.77,7.99416
group,disjoint-shard,0,12,20,32,0.500756,0,14187,28331.2,0,0,0,0,0,14187,413644,480515,514295,685017,physical,12,0:6:1:7:2:8:3:9:4:10:5:11,1,11.9924,12,12,2362.43,11.9924
group,disjoint-shard,0,12,20,32,0.500583,0,14098,28163.2,0,0,0,0,0,14098,415845,480545,533476,761088,physical,12,0:6:1:7:2:8:3:9:4:10:5:11,2,11.9881,12,12,2349.26,11.9881
group,disjoint-shard,0,12,20,32,0.50064,0,14235,28433.6,0,0,0,0,0,14235,411715,481065,520545,681477,physical,12,0:6:1:7:2:8:3:9:4:10:5:11,3,11.9924,12,12,2370.96,11.9924
memory,disjoint,0,1,0,0,0.500387,0,7157571,1.43041e+07,0,0,0,0,0,223675,80,110,130,200,physical,1,0,1,,,,,
memory,disjoint,0,1,0,0,0.500421,0,7132131,1.42523e+07,0,0,0,0,0,222880,80,120,130,240,physical,1,0,2,,,,,
memory,disjoint,0,1,0,0,0.500447,0,7132621,1.42525e+07,0,0,0,0,0,222895,80,120,130,240,physical,1,0,3,,,,,
memory,disjoint,0,2,0,0,0.500442,0,5869372,1.17284e+07,0,0,0,0,0,183418,170,350,1020,1390,physical,2,0:6,1,,,,,
memory,disjoint,0,2,0,0,0.50053,0,5869321,1.17262e+07,0,0,0,0,0,183418,170,360,1040,1400,physical,2,0:6,2,,,,,
memory,disjoint,0,2,0,0,0.500459,0,5858516,1.17063e+07,0,0,0,0,0,183080,170,360,1050,1450,physical,2,0:6,3,,,,,
memory,disjoint,0,4,0,0,0.500155,0,9530499,1.90551e+07,0,0,0,0,0,297829,180,560,1240,3460,physical,4,0:6:1:7,1,,,,,
memory,disjoint,0,4,0,0,0.500132,0,9501928,1.89989e+07,0,0,0,0,0,296938,180,580,1250,3470,physical,4,0:6:1:7,2,,,,,
memory,disjoint,0,4,0,0,0.500141,0,9490621,1.89759e+07,0,0,0,0,0,296584,180,570,1240,3110,physical,4,0:6:1:7,3,,,,,
memory,disjoint,0,8,0,0,0.500181,0,15111787,3.02127e+07,0,0,0,0,0,472248,200,1030,1430,5900,physical,8,0:6:1:7:2:8:3:9,1,,,,,
memory,disjoint,0,8,0,0,0.500226,0,15070892,3.01282e+07,0,0,0,0,0,470969,200,1030,1440,6000,physical,8,0:6:1:7:2:8:3:9,2,,,,,
memory,disjoint,0,8,0,0,0.500183,0,15106790,3.02025e+07,0,0,0,0,0,472090,200,1030,1430,5970,physical,8,0:6:1:7:2:8:3:9,3,,,,,
memory,disjoint,0,12,0,0,0.50024,0,18839666,3.76613e+07,0,0,0,0,0,588747,220,1160,1860,6581,physical,12,0:6:1:7:2:8:3:9:4:10:5:11,1,,,,,
memory,disjoint,0,12,0,0,0.500234,0,18823531,3.76295e+07,0,0,0,0,0,588241,220,1160,1850,6550,physical,12,0:6:1:7:2:8:3:9:4:10:5:11,2,,,,,
memory,disjoint,0,12,0,0,0.500268,0,18905289,3.77903e+07,0,0,0,0,0,590797,220,1160,1820,6450,physical,12,0:6:1:7:2:8:3:9:4:10:5:11,3,,,,,
buffered,disjoint,0,1,0,0,0.500466,0,358499,716330,0,0,0,0,0,44813,1380,1460,3170,5720,physical,1,0,1,0,0,0,0,0
buffered,disjoint,0,1,0,0,0.500455,0,364312,727961,0,0,0,0,0,45539,1360,1420,3130,5781,physical,1,0,2,0,0,0,0,0
buffered,disjoint,0,1,0,0,0.500477,0,360865,721043,0,0,0,0,0,45109,1360,1450,3110,5680,physical,1,0,3,0,0,0,0,0
buffered,disjoint,0,2,0,0,0.500445,0,227516,454628,0,0,0,0,0,28441,1910,14010,19790,30120,physical,2,0:6,1,0,0,0,0,0
buffered,disjoint,0,2,0,0,0.500474,0,226928,453426,0,0,0,0,0,28366,1960,14110,19990,31390,physical,2,0:6,2,0,0,0,0,0
buffered,disjoint,0,2,0,0,0.500473,0,224200,447976,0,0,0,0,0,28026,1931,14160,20520,38640,physical,2,0:6,3,0,0,0,0,0
buffered,disjoint,0,4,0,0,0.500299,0,227764,455256,0,0,0,0,0,28472,8770,23030,37290,57621,physical,4,0:6:1:7,1,0,0,0,0,0
buffered,disjoint,0,4,0,0,0.500128,0,227651,455186,0,0,0,0,0,28459,8760,23300,37350,58150,physical,4,0:6:1:7,2,0,0,0,0,0
buffered,disjoint,0,4,0,0,0.500159,0,227542,454939,0,0,0,0,0,28444,8740,23400,38331,60051,physical,4,0:6:1:7,3,0,0,0,0,0
buffered,disjoint,0,8,0,0,0.500193,0,247200,494209,0,0,0,0,0,30904,13450,48150,74391,124971,physical,8,0:6:1:7:2:8:3:9,1,0,0,0,0,0
buffered,disjoint,0,8,0,0,0.50021,0,248243,496277,0,0,0,0,0,31036,13700,48041,74221,119671,physical,8,0:6:1:7:2:8:3:9,2,0,0,0,0,0
buffered,disjoint,0,8,0,0,0.501098,0,246346,491612,0,0,0,0,0,30798,13530,48330,74461,114861,physical,8,0:6:1:7:2:8:3:9,3,0,0,0,0,0
buffered,disjoint,0,12,0,0,0.500209,0,230478,460763,0,0,0,0,0,28816,21150,80741,123561,192942,physical,12,0:6:1:7:2:8:3:9:4:10:5:11,1,0,0,0,0,0
buffered,disjoint,0,12,0,0,0.50044,0,230968,461530,0,0,0,0,0,28876,20630,81281,123652,190932,physical,12,0:6:1:7:2:8:3:9:4:10:5:11,2,0,0,0,0,0
buffered,disjoint,0,12,0,0,0.500556,0,230988,461463,0,0,0,0,0,28881,20800,80371,123211,189922,physical,12,0:6:1:7:2:8:3:9:4:10:5:11,3,0,0,0,0,0
sync,disjoint,0,1,0,0,0.500445,0,1551,3099.24,0,0,0,0,0,1551,316624,347163,370754,658877,physical,1,0,1,1,1,1,3099.24,1
sync,disjoint,0,1,0,0,0.500422,0,1547,3091.39,0,0,0,0,0,1547,316583,347413,419534,716097,physical,1,0,2,1,1,1,3091.39,1
sync,disjoint,0,1,0,0,0.500414,0,1528,3053.47,0,0,0,0,0,1528,320543,351994,416545,805518,physical,1,0,3,1,1,1,3053.47,1
sync,disjoint,0,2,0,0,0.501089,0,1480,2953.57,0,0,0,0,0,1480,325674,414414,13122557,51866620,physical,2,0:6,1,1,1,1,2953.57,1
sync,disjoint,0,2,0,0,0.500926,0,1455,2904.62,0,0,0,0,0,1455,334343,384334,14125787,47106731,physical,2,0:6,2,1,1,1,2904.62,1
sync,disjoint,0,2,0,0,0.500772,0,1493,2981.4,0,0,0,0,0,1493,326213,376744,12090646,60877755,physical,2,0:6,3,1,1,1,2981.4,1
sync,disjoint,0,4,0,0,0.501288,0,1481,2954.39,0,0,0,0,0,1481,327763,380274,47234422,113251431,physical,4,0:6:1:7,1,1,1,1,2954.39,1
sync,disjoint,0,4,0,0,0.501354,0,1478,2948.02,0,0,0,0,0,1478,326884,419724,47000760,73443816,physical,4,0:6:1:7,2,1,1,1,2948.02,1
sync,disjoint,0,4,0,0,0.501526,0,1507,3004.83,0,0,0,0,0,1507,322523,417374,36962345,55951164,physical,4,0:6:1:7,3,1,1,1,3004.83,1
sync,disjoint,0,8,0,0,0.503201,0,1511,3002.78,0,0,0,0,0,1511,321814,416035,78804661,171682580,physical,8,0:6:1:7:2:8:3:9,1,1,1,1,3002.78,1
sync,disjoint,0,8,0,0,0.503163,0,1507,2995.05,0,0,0,0,0,1507,322773,416704,77474057,168259755,physical,8,0:6:1:7:2:8:3:9,2,1,1,1,2995.05,1
sync,disjoint,0,8,0,0,0.503485,0,1472,2923.62,0,0,0,0,0,1472,329963,7147055,77455687,165777739,physical,8,0:6:1:7:2:8:3:9,3,1,1,1,2923.62,1
sync,disjoint,0,12,0,0,0.504644,0,1460,2893.13,0,0,0,0,0,1460,332464,13667013,119822860,173738251,physical,12,0:6:1:7:2:8:3:9:4:10:5:11,1,1,1,1,2893.13,1
sync,disjoint,0,12,0,0,0.504373,0,1491,2956.15,0,0,0,0,0,1491,325803,12339369,105770843,193734970,physical,12,0:6:1:7:2:8:3:9:4:10:5:11,2,1,1,1,2956.15,1
sync,disjoint,0,12,0,0,0.50462,0,1478,2928.94,0,0,0,0,0,1478,329583,18901027,100418817,133751315,physical,12,0:6:1:7:2:8:3:9:4:10:5:11,3,1,1,1,2928.94,1
group,disjoint,0,1,20,32,0.500429,0,1224,2445.9,0,0,0,0,0,1224,404224,435314,470185,729548,physical,1,0,1,1,1,1,2445.9,1
group,disjoint,0,1,20,32,0.500348,0,1207,2412.32,0,0,0,0,0,1207,404525,435205,555436,2134602,physical,1,0,2,1,1,1,2412.32,1
group,disjoint,0,1,20,32,0.500484,0,1229,2455.62,0,0,0,0,0,1229,403874,433545,457195,756048,physical,1,0,3,1,1,1,2455.62,1
group,disjoint,0,2,20,32,0.500805,0,2421,4834.22,0,0,0,0,0,2421,405104,438674,775588,994750,physical,2,0:6,1,1.99095,2,2,2428.09,1.99095
group,disjoint,0,2,20,32,0.500539,0,2416,4826.8,0,0,0,0,0,2416,404645,446394,726507,879749,physical,2,0:6,2,1.99012,2,2,2425.39,1.99012
group,disjoint,0,2,20,32,0.500668,0,2405,4803.58,0,0,0,0,0,2405,405495,448665,709708,867179,physical,2,0:6,3,1.99089,2,2,2412.78,1.99089
group,disjoint,0,4,20,32,0.500865,0,4583,9150.17,0,0,0,0,0,4583,426734,486425,867579,949480,physical,4,0:6:1:7,1,3.91375,4,4,2337.96,3.91375
group,disjoint,0,4,20,32,0.500803,0,4674,9333.01,0,0,0,0,0,4674,413694,464044,824119,904540,physical,4,0:6:1:7,2,3.9113,4,4,2386.17,3.9113
group,disjoint,0,4,20,32,0.500507,0,4686,9362.51,0,0,0,0,0,4686,412485,465605,822759,1216952,physical,4,0:6:1:7,3,3.905,4,4,2397.57,3.905
group,disjoint,0,8,20,32,0.500449,0,9135,18253.6,0,0,0,0,0,9135,409714,785519,868229,1412245,physical,8,0:6:1:7:2:8:3:9,1,7.56209,8,8,2413.83,7.56209
group,disjoint,0,8,20,32,0.500667,0,9138,18251.6,0,0,0,0,0,9138,410214,717428,874819,1281403,physical,8,0:6:1:7:2:8:3:9,2,7.59601,8,8,2402.79,7.59601
group,disjoint,0,8,20,32,0.50131,0,9130,18212.3,0,0,0,0,0,9130,410355,706547,873339,1286093,physical,8,0:6:1:7:2:8:3:9,3,7.57676,8,8,2403.7,7.57676
group,disjoint,0,12,20,32,0.500621,0,12901,25770,0,0,0,0,0,12901,418144,835438,1228653,1691208,physical,12,0:6:1:7:2:8:3:9:4:10:5:11,1,10.8961,12,12,2365.06,10.8961
group,disjoint,0,12,20,32,0.501002,0,13003,25954,0,0,0,0,0,13003,419064,831759,951770,1346074,physical,12,0:6:1:7:2:8:3:9:4:10:5:11,2,11.0102,12,12,2357.28,11.0102
group,disjoint,0,12,20,32,0.500794,0,12967,25892.9,0,0,0,0,0,12967,419484,833499,949780,1586906,physical,12,0:6:1:7:2:8:3:9:4:10:5:11,3,10.989,12,12,2356.26,10.989
memory,uniform,0,1,0,0,0.500411,0,7126751,1.42418e+07,0,0,0,0,0,222711,80,110,130,200,physical,1,0,1,,,,,
memory,uniform,0,1,0,0,0.500406,0,7160312,1.4309e+07,0,0,0,0,0,223760,80,110,130,190,physical,1,0,2,,,,,
memory,uniform,0,1,0,0,0.500413,0,7153364,1.42949e+07,0,0,0,0,0,223543,80,110,130,240,physical,1,0,3,,,,,
memory,uniform,0,2,0,0,0.500475,0,4573085,9.13749e+06,0,0,0,0,0,142910,230,410,1170,1680,physical,2,0:6,1,,,,,
memory,uniform,0,2,0,0,0.500452,0,4572688,9.13712e+06,0,0,0,0,0,142897,230,410,1180,1630,physical,2,0:6,2,,,,,
memory,uniform,0,2,0,0,0.500499,0,4572744,9.13636e+06,0,0,0,0,0,142899,240,410,1180,1650,physical,2,0:6,3,,,,,
memory,uniform,0,4,0,0,0.50018,0,7581793,1.51581e+07,0,0,0,0,0,236933,250,760,1340,5580,physical,4,0:6:1:7,1,,,,,
memory,uniform,0,4,0,0,0.500155,0,7648314,1.52919e+07,0,0,0,0,0,239012,250,760,1340,5520,physical,4,0:6:1:7,2,,,,,
memory,uniform,0,4,0,0,0.500142,0,7638942,1.52736e+07,0,0,0,0,0,238718,250,760,1340,5760,physical,4,0:6:1:7,3,,,,,
memory,uniform,0,8,0,0,0.5002,0,12183947,2.43582e+07,0,0,0,0,0,380751,270,1160,1680,6260,physical,8,0:6:1:7:2:8:3:9,1,,,,,
memory,uniform,0,8,0,0,0.500212,0,12027434,2.40447e+07,0,0,0,0,0,375860,270,1170,1700,6420,physical,8,0:6:1:7:2:8:3:9,2,,,,,
memory,uniform,0,8,0,0,0.500195,0,12186438,2.43634e+07,0,0,0,0,0,380830,270,1170,1670,6400,physical,8,0:6:1:7:2:8:3:9,3,,,,,
memory,uniform,0,12,0,0,0.500221,0,15567399,3.1121e+07,0,0,0,0,0,486487,280,1270,2320,6931,physical,12,0:6:1:7:2:8:3:9:4:10:5:11,1,,,,,
memory,uniform,0,12,0,0,0.500184,0,15728430,3.14453e+07,0,0,0,0,0,491520,280,1270,2300,6810,physical,12,0:6:1:7:2:8:3:9:4:10:5:11,2,,,,,
memory,uniform,0,12,0,0,0.50021,0,15706231,3.13993e+07,0,0,0,0,0,490827,280,1270,2300,6810,physical,12,0:6:1:7:2:8:3:9:4:10:5:11,3,,,,,
memory,uniform,0,24,0,0,0.500798,0,20682001,4.12981e+07,0,0,0,0,0,646323,320,1690,4220,9260,smt,12,0:6:1:7:2:8:3:9:4:10:5:11:12:18:13:19:14:20:15:21:16:22:17:23,1,,,,,
memory,uniform,0,24,0,0,0.500721,0,20702134,4.13446e+07,0,0,0,0,0,646953,320,1690,4080,9210,smt,12,0:6:1:7:2:8:3:9:4:10:5:11:12:18:13:19:14:20:15:21:16:22:17:23,2,,,,,
memory,uniform,0,24,0,0,0.500696,0,20897330,4.17365e+07,0,0,0,0,0,653054,310,1670,3990,9190,smt,12,0:6:1:7:2:8:3:9:4:10:5:11:12:18:13:19:14:20:15:21:16:22:17:23,3,,,,,
buffered,uniform,0,1,0,0,0.500129,0,359316,718447,0,0,0,0,0,44915,1380,1430,3150,5640,physical,1,0,1,0,0,0,0,0
buffered,uniform,0,1,0,0,0.500403,0,361244,721906,0,0,0,0,0,45156,1360,1440,3150,5630,physical,1,0,2,0,0,0,0,0
buffered,uniform,0,1,0,0,0.500457,0,362630,724597,0,0,0,0,0,45329,1360,1410,3150,5790,physical,1,0,3,0,0,0,0,0
buffered,uniform,0,2,0,0,0.500502,0,222402,444358,0,0,0,0,0,27801,1990,14340,22400,34710,physical,2,0:6,1,0,0,0,0,0
buffered,uniform,0,2,0,0,0.500403,0,219113,437873,0,0,0,0,0,27390,2030,14610,24121,39281,physical,2,0:6,2,0,0,0,0,0
buffered,uniform,0,2,0,0,0.500471,0,222657,444895,0,0,0,0,0,27833,2000,14360,22361,36091,physical,2,0:6,3,0,0,0,0,0
buffered,uniform,0,4,0,0,0.50015,0,227939,455741,0,0,0,0,0,28495,8800,22990,36971,55841,physical,4,0:6:1:7,1,0,0,0,0,0
buffered,uniform,0,4,0,0,0.500142,0,226745,453361,0,0,0,0,0,28344,8870,23121,37621,58731,physical,4,0:6:1:7,2,0,0,0,0,0
buffered,uniform,0,4,0,0,0.500148,0,227690,455245,0,0,0,0,0,28464,8811,23050,37671,57760,physical,4,0:6:1:7,3,0,0,0,0,0
buffered,uniform,0,8,0,0,0.500165,0,248064,495964,0,0,0,0,0,31012,13510,48051,75191,110821,physical,8,0:6:1:7:2:8:3:9,1,0,0,0,0,0
buffered,uniform,0,8,0,0,0.500192,0,246510,492830,0,0,0,0,0,30817,13630,47890,76750,124501,physical,8,0:6:1:7:2:8:3:9,2,0,0,0,0,0
buffered,uniform,0,8,0,0,0.500185,0,246762,493341,0,0,0,0,0,30850,13740,47881,74371,115991,physical,8,0:6:1:7:2:8:3:9,3,0,0,0,0,0
buffered,uniform,0,12,0,0,0.500231,0,231144,462074,0,0,0,0,0,28899,21420,79401,119371,195212,physical,12,0:6:1:7:2:8:3:9:4:10:5:11,1,0,0,0,0,0
buffered,uniform,0,12,0,0,0.500186,0,231710,463248,0,0,0,0,0,28970,21170,77980,119921,175232,physical,12,0:6:1:7:2:8:3:9:4:10:5:11,2,0,0,0,0,0
buffered,uniform,0,12,0,0,0.500179,0,231242,462318,0,0,0,0,0,28911,21200,78781,118901,184862,physical,12,0:6:1:7:2:8:3:9:4:10:5:11,3,0,0,0,0,0
sync,uniform,0,1,0,0,0.500266,0,1537,3072.37,0,0,0,0,0,1537,320523,350733,371004,517605,physical,1,0,1,1,1,1,3072.37,1
sync,uniform,0,1,0,0,0.500383,0,1490,2977.72,0,0,0,0,0,1490,325974,356963,385644,614807,physical,1,0,2,1,1,1,2977.72,1
sync,uniform,0,1,0,0,0.50056,0,1547,3090.54,0,0,0,0,0,1547,318503,349184,371854,431174,physical,1,0,3,1,1,1,3090.54,1
sync,uniform,0,2,0,0,0.500928,0,1524,3042.35,0,0,0,0,0,1524,321933,372194,10988565,58035536,physical,2,0:6,1,1,1,1,3042.35,1
sync,uniform,0,2,0,0,0.500763,0,1493,2981.45,0,0,0,0,0,1493,323833,380074,9063255,61819285,physical,2,0:6,2,1,1,1,2981.45,1
sync,uniform,0,2,0,0,0.500596,0,1497,2990.44,0,0,0,0,0,1497,325033,377163,14411231,50182763,physical,2,0:6,3,1,1,1,2990.44,1
sync,uniform,0,4,0,0,0.501446,0,1483,2957.45,0,0,0,0,0,1483,327454,379764,48524426,71836429,physical,4,0:6:1:7,1,1,1,1,2957.45,1
sync,uniform,0,4,0,0,0.501407,0,1489,2969.65,0,0,0,0,0,1489,326603,387484,40181539,80651461,physical,4,0:6:1:7,2,1,1,1,2969.65,1
sync,uniform,0,4,0,0,0.502047,0,1486,2959.88,0,0,0,0,0,1486,325423,414564,41962997,81289818,physical,4,0:6:1:7,3,1,1,1,2959.88,1
sync,uniform,0,8,0,0,0.502725,0,1469,2922.07,0,0,0,0,0,1469,332693,472995,84351469,112422762,physical,8,0:6:1:7:2:8:3:9,1,1,1,1,2922.07,1
sync,uniform,0,8,0,0,0.502618,0,1496,2976.42,0,0,0,0,0,1496,324033,421505,94153241,129689683,physical,8,0:6:1:7:2:8:3:9,2,1,1,1,2976.42,1
sync,uniform,0,8,0,0,0.502888,0,1486,2954.93,0,0,0,0,0,1486,326153,420655,85158177,139712347,physical,8,0:6:1:7:2:8:3:9,3,1,1,1,2954.93,1
sync,uniform,0,12,0,0,0.504455,0,1484,2941.79,0,0,0,0,0,1484,327744,12656982,120380665,171238825,physical,12,0:6:1:7:2:8:3:9:4:10:5:11,1,1,1,1,2941.79,1
sync,uniform,0,12,0,0,0.504416,0,1490,2953.91,0,0,0,0,0,1490,326794,21027429,105421100,206870007,physical,12,0:6:1:7:2:8:3:9:4:10:5:11,2,1,1,1,2953.91,1
sync,uniform,0,12,0,0,0.504499,0,1494,2961.35,0,0,0,0,0,1494,325654,16385801,110223910,166050402,physical,12,0:6:1:7:2:8:3:9:4:10:5:11,3,1,1,1,2961.35,1
group,uniform,0,1,20,32,0.500564,0,1236,2469.21,0,0,0,0,0,1236,402085,432765,449545,547116,physical,1,0,1,1,1,1,2469.21,1
group,uniform,0,1,20,32,0.500436,0,1226,2449.86,0,0,0,0,0,1226,403974,436605,443215,586606,physical,1,0,2,1,1,1,2449.86,1
group,uniform,0,1,20,32,0.500386,0,1179,2356.18,0,0,0,0,0,1179,412724,443775,637447,930870,physical,1,0,3,1,1,1,2356.18,1
group,uniform,0,2,20,32,0.500542,0,2393,4780.82,0,0,0,0,0,2393,410614,444205,650637,921549,physical,2,0:6,1,1.98754,2,2,2405.39,1.98754
group,uniform,0,2,20,32,0.500788,0,2413,4818.41,0,0,0,0,0,2413,409524,443124,470985,862429,physical,2,0:6,2,1.98764,2,2,2424.18,1.98764
group,uniform,0,2,20,32,0.500473,0,2407,4809.45,0,0,0,0,0,2407,406084,447245,685567,871919,physical,2,0:6,3,1.98761,2,2,2419.71,1.98761
group,uniform,0,4,20,32,0.50018,0,4691,9378.62,0,0,0,0,0,4691,412634,463775,823848,929410,physical,4,0:6:1:7,1,3.92224,4,4,2391.14,3.92224
group,uniform,0,4,20,32,0.500188,0,4702,9400.47,0,0,0,0,0,4702,412535,461764,821849,915309,physical,4,0:6:1:7,2,3.92487,4,4,2395.1,3.92487
group,uniform,0,4,20,32,0.500191,0,4727,9450.39,0,0,0,0,0,4727,410194,457825,820059,958740,physical,4,0:6:1:7,3,3.91308,4,4,2415.08,3.91308
group,uniform,0,8,20,32,0.500813,0,8967,17904.9,0,0,0,0,0,8967,413985,805358,906219,1403015,physical,8,0:6:1:7:2:8:3:9,1,7.54163,8,8,2374.14,7.54163
group,uniform,0,8,20,32,0.500684,0,9004,17983.4,0,0,0,0,0,9004,413474,809188,890839,1393655,physical,8,0:6:1:7:2:8:3:9,2,7.51586,8,8,2392.73,7.51586
group,uniform,0,8,20,32,0.500203,0,9014,18020.7,0,0,0,0,0,9014,414554,804939,888639,1336714,physical,8,0:6:1:7:2:8:3:9,3,7.54941,8,8,2387.03,7.54941
group,uniform,0,12,20,32,0.500397,0,12542,25064.1,0,0,0,0,0,12542,438154,873729,1234823,1727928,physical,12,0:6:1:7:2:8:3:9:4:10:5:11,1,10.9251,12,12,2294.18,10.9251
group,uniform,0,12,20,32,0.500496,0,12856,25686.5,0,0,0,0,0,12856,420025,836539,1222503,1673858,physical,12,0:6:1:7:2:8:3:9:4:10:5:11,2,10.932,12,12,2349.67,10.932
group,uniform,0,12,20,32,0.500236,0,12994,25975.8,0,0,0,0,0,12994,417344,830889,1128112,1642947,physical,12,0:6:1:7:2:8:3:9:4:10:5:11,3,10.9654,12,12,2368.88,10.9654
group,uniform,0,24,20,32,0.501146,0,22246,44390.3,0,0,0,0,0,22246,442325,939350,1418345,2592718,smt,12,0:6:1:7:2:8:3:9:4:10:5:11:12:18:13:19:14:20:15:21:16:22:17:23,1,19.7042,22,23,2252.84,19.7042
group,uniform,0,24,20,32,0.500883,0,22245,44411.6,0,0,0,0,0,22245,442265,944070,1408855,2365115,smt,12,0:6:1:7:2:8:3:9:4:10:5:11:12:18:13:19:14:20:15:21:16:22:17:23,2,19.7382,22,23,2250.03,19.7382
group,uniform,0,24,20,32,0.501592,0,22298,44454.5,0,0,0,0,0,22298,439694,939770,1416234,2221823,smt,12,0:6:1:7:2:8:3:9:4:10:5:11:12:18:13:19:14:20:15:21:16:22:17:23,3,19.7327,22,23,2252.83,19.7327
memory,hot-shard,0,1,0,0,0.500126,0,6985573,1.39676e+07,0,0,0,0,0,218300,90,120,140,150,physical,1,0,1,,,,,
memory,hot-shard,0,1,0,0,0.500148,0,6940212,1.38763e+07,0,0,0,0,0,216882,90,120,140,200,physical,1,0,2,,,,,
memory,hot-shard,0,1,0,0,0.500399,0,6901635,1.37923e+07,0,0,0,0,0,215677,90,120,140,230,physical,1,0,3,,,,,
memory,hot-shard,0,2,0,0,0.500415,0,1252507,2.50293e+06,0,0,0,0,0,39142,310,2140,7480,12660,physical,2,0:6,1,,,,,
memory,hot-shard,0,2,0,0,0.500773,0,1250576,2.49729e+06,0,0,0,0,0,39082,310,2190,7350,10930,physical,2,0:6,2,,,,,
memory,hot-shard,0,2,0,0,0.500627,0,1233285,2.46348e+06,0,0,0,0,0,38541,320,2400,7300,12470,physical,2,0:6,3,,,,,
memory,hot-shard,0,4,0,0,0.500231,0,1315053,2.62889e+06,0,0,0,0,0,41098,830,7090,12151,19981,physical,4,0:6:1:7,1,,,,,
memory,hot-shard,0,4,0,0,0.500146,0,1316193,2.63162e+06,0,0,0,0,0,41132,840,7010,12330,19410,physical,4,0:6:1:7,2,,,,,
memory,hot-shard,0,4,0,0,0.500123,0,1311964,2.62328e+06,0,0,0,0,0,41001,850,6990,11960,18890,physical,4,0:6:1:7,3,,,,,
memory,hot-shard,0,8,0,0,0.500162,0,1247643,2.49448e+06,0,0,0,0,0,38991,1960,11970,19710,30980,physical,8,0:6:1:7:2:8:3:9,1,,,,,
memory,hot-shard,0,8,0,0,0.500181,0,1248728,2.49655e+06,0,0,0,0,0,39026,1990,12180,20120,31911,physical,8,0:6:1:7:2:8:3:9,2,,,,,
memory,hot-shard,0,8,0,0,0.500176,0,1245860,2.49084e+06,0,0,0,0,0,38937,1990,12300,19700,32240,physical,8,0:6:1:7:2:8:3:9,3,,,,,
memory,hot-shard,0,12,0,0,0.500231,0,1234704,2.46827e+06,0,0,0,0,0,38589,3360,17281,26980,44020,physical,12,0:6:1:7:2:8:3:9:4:10:5:11,1,,,,,
memory,hot-shard,0,12,0,0,0.500208,0,1231297,2.46157e+06,0,0,0,0,0,38484,3380,17550,27970,42100,physical,12,0:6:1:7:2:8:3:9:4:10:5:11,2,,,,,
memory,hot-shard,0,12,0,0,0.500221,0,1232881,2.46467e+06,0,0,0,0,0,38534,3360,17190,27631,46380,physical,12,0:6:1:7:2:8:3:9:4:10:5:11,3,,,,,
buffered,hot-shard,0,1,0,0,0.500412,0,357739,714889,0,0,0,0,0,44718,1380,1440,3180,5880,physical,1,0,1,0,0,0,0,0
buffered,hot-shard,0,1,0,0,0.500414,0,356337,712084,0,0,0,0,0,44543,1380,1470,3160,5670,physical,1,0,2,0,0,0,0,0
buffered,hot-shard,0,1,0,0,0.500118,0,360740,721310,0,0,0,0,0,45093,1370,1430,3150,5670,physical,1,0,3,0,0,0,0,0
buffered,hot-shard,0,2,0,0,0.500484,0,216433,432447,0,0,0,0,0,27055,2040,19950,40401,68721,physical,2,0:6,1,0,0,0,0,0
buffered,hot-shard,0,2,0,0,0.500899,0,217704,434626,0,0,0,0,0,27214,2010,19720,38200,71131,physical,2,0:6,2,0,0,0,0,0
buffered,hot-shard,0,2,0,0,0.50063,0,218991,437431,0,0,0,0,0,27375,2020,19800,39720,65701,physical,2,0:6,3,0,0,0,0,0
buffered,hot-shard,0,4,0,0,0.500609,0,205604,410708,0,0,0,0,0,25702,2450,36431,203573,327703,physical,4,0:6:1:7,1,0,0,0,0,0
buffered,hot-shard,0,4,0,0,0.500158,0,204284,408439,0,0,0,0,0,25538,2470,31340,208352,287723,physical,4,0:6:1:7,2,0,0,0,0,0
buffered,hot-shard,0,4,0,0,0.500147,0,205835,411549,0,0,0,0,0,25731,2450,31461,204442,283333,physical,4,0:6:1:7,3,0,0,0,0,0
buffered,hot-shard,0,8,0,0,0.500196,0,191413,382676,0,0,0,0,0,23930,2660,113281,341363,752308,physical,8,0:6:1:7:2:8:3:9,1,0,0,0,0,0
buffered,hot-shard,0,8,0,0,0.500179,0,192412,384686,0,0,0,0,0,24054,2640,123142,357934,739988,physical,8,0:6:1:7:2:8:3:9,2,0,0,0,0,0
buffered,hot-shard,0,8,0,0,0.500198,0,193794,387434,0,0,0,0,0,24228,2640,112471,357274,753038,physical,8,0:6:1:7:2:8:3:9,3,0,0,0,0,0
buffered,hot-shard,0,12,0,0,0.500414,0,192914,385509,0,0,0,0,0,24120,2620,212982,615866,1163342,physical,12,0:6:1:7:2:8:3:9:4:10:5:11,1,0,0,0,0,0
buffered,hot-shard,0,12,0,0,0.500429,0,192870,385410,0,0,0,0,0,24115,2621,239413,652516,1303874,physical,12,0:6:1:7:2:8:3:9:4:10:5:11,2,0,0,0,0,0
buffered,hot-shard,0,12,0,0,0.500422,0,193090,385855,0,0,0,0,0,24142,2620,234953,615536,1362054,physical,12,0:6:1:7:2:8:3:9:4:10:5:11,3,0,0,0,0,0
sync,hot-shard,0,1,0,0,0.500311,0,1541,3080.08,0,0,0,0,0,1541,320863,350993,369443,386644,physical,1,0,1,1,1,1,3080.08,1
sync,hot-shard,0,1,0,0,0.500618,0,1541,3078.19,0,0,0,0,0,1541,320753,351183,370384,412855,physical,1,0,2,1,1,1,3078.19,1
sync,hot-shard,0,1,0,0,0.500348,0,1539,3075.86,0,0,0,0,0,1539,320723,352053,371764,452314,physical,1,0,3,1,1,1,3075.86,1
sync,hot-shard,0,2,0,0,0.500889,0,1482,2958.74,0,0,0,0,0,1482,327314,367333,420204,169849651,physical,2,0:6,1,1,1,1,2958.74,1
sync,hot-shard,0,2,0,0,0.500964,0,1490,2974.27,0,0,0,0,0,1490,327903,369674,421194,171842481,physical,2,0:6,2,1,1,1,2974.27,1
sync,hot-shard,0,2,0,0,0.501008,0,1511,3015.92,0,0,0,0,0,1511,325983,367014,380294,169051963,physical,2,0:6,3,1,1,1,3015.92,1
sync,hot-shard,0,4,0,0,0.501451,0,1511,3013.26,0,0,0,0,0,1511,325473,363994,399284,500536399,physical,4,0:6:1:7,1,1,1,1,3013.26,1
sync,hot-shard,0,4,0,0,0.501537,0,1512,3014.73,0,0,0,0,0,1512,326373,366284,378994,500947233,physical,4,0:6:1:7,2,1,1,1,3014.73,1
sync,hot-shard,0,4,0,0,0.501224,0,1510,3012.63,0,0,0,0,0,1510,325753,373374,419714,500496149,physical,4,0:6:1:7,3,1,1,1,3012.63,1
sync,hot-shard,0,8,0,0,0.503031,0,1537,3055.48,0,0,0,0,0,1537,321073,355724,421655,501948953,physical,8,0:6:1:7:2:8:3:9,1,1,1,1,3055.48,1
sync,hot-shard,0,8,0,0,0.503019,0,1550,3081.4,0,0,0,0,0,1550,319673,352873,376344,502332258,physical,8,0:6:1:7:2:8:3:9,2,1,1,1,3081.4,1
sync,hot-shard,0,8,0,0,0.503317,0,1522,3023.94,0,0,0,0,0,1522,323413,358354,417504,502522270,physical,8,0:6:1:7:2:8:3:9,3,1,1,1,3023.94,1
sync,hot-shard,0,12,0,0,0.505146,0,1492,2953.6,0,0,0,0,0,1492,330213,362283,428974,504460640,physical,12,0:6:1:7:2:8:3:9:4:10:5:11,1,1,1,1,2953.6,1
sync,hot-shard,0,12,0,0,0.504925,0,1531,3032.13,0,0,0,0,0,1531,324073,358624,421855,504188277,physical,12,0:6:1:7:2:8:3:9:4:10:5:11,2,1,1,1,3032.13,1
sync,hot-shard,0,12,0,0,0.504508,0,1542,3056.44,0,0,0,0,0,1542,321883,353024,418605,503853344,physical,12,0:6:1:7:2:8:3:9:4:10:5:11,3,1,1,1,3056.44,1
group,hot-shard,0,1,20,32,0.500475,0,1230,2457.67,0,0,0,0,0,1230,402404,434134,456355,755948,physical,1,0,1,1,1,1,2457.67,1
group,hot-shard,0,1,20,32,0.500459,0,1230,2457.75,0,0,0,0,0,1230,405444,435405,444714,735208,physical,1,0,2,1,1,1,2457.75,1
group,hot-shard,0,1,20,32,0.50073,0,1235,2466.4,0,0,0,0,0,1235,404675,435175,440975,473735,physical,1,0,3,1,1,1,2466.4,1
group,hot-shard,0,2,20,32,0.500595,0,1217,2431.11,0,0,0,0,0,1217,410155,441005,449004,209871798,physical,2,0:6,1,1,1,1,2431.11,1
group,hot-shard,0,2,20,32,0.500886,0,1215,2425.7,0,0,0,0,0,1215,411895,442785,449874,209328322,physical,2,0:6,2,1,1,1,2425.7,1
group,hot-shard,0,2,20,32,0.500929,0,1225,2445.45,0,0,0,0,0,1225,407715,438424,446635,185202261,physical,2,0:6,3,1,1,1,2445.45,1
group,hot-shard,0,4,20,32,0.501522,0,1187,2366.79,0,0,0,0,0,1187,414515,443655,471775,501001114,physical,4,0:6:1:7,1,1,1,1,2366.79,1
group,hot-shard,0,4,20,32,0.501792,0,1192,2375.48,0,0,0,0,0,1192,416385,447134,463415,501283247,physical,4,0:6:1:7,2,1,1,1,2375.48,1
group,hot-shard,0,4,20,32,0.502005,0,1215,2420.3,0,0,0,0,0,1215,410994,440615,466285,423581067,physical,4,0:6:1:7,3,1,1,1,2420.3,1
group,hot-shard,0,8,20,32,0.503661,0,1216,2414.32,0,0,0,0,0,1216,411224,442285,477505,502476270,physical,8,0:6:1:7:2:8:3:9,1,1,1,1,2414.32,1
group,hot-shard,0,8,20,32,0.50366,0,1202,2386.53,0,0,0,0,0,1202,414045,445174,468205,503096466,physical,8,0:6:1:7:2:8:3:9,2,1,1,1,2386.53,1
group,hot-shard,0,8,20,32,0.503703,0,1208,2398.24,0,0,0,0,0,1208,413565,444675,493836,502557890,physical,8,0:6:1:7:2:8:3:9,3,1,1,1,2398.24,1
group,hot-shard,0,12,20,32,0.505347,0,1212,2398.35,0,0,0,0,0,1212,413295,444155,747498,504689783,physical,12,0:6:1:7:2:8:3:9:4:10:5:11,1,1,1,1,2398.35,1
group,hot-shard,0,12,20,32,0.505231,0,1210,2394.94,0,0,0,0,0,1210,413964,445604,642417,504612021,physical,12,0:6:1:7:2:8:3:9:4:10:5:11,2,1,1,1,2394.94,1
group,hot-shard,0,12,20,32,0.505466,0,1215,2403.72,0,0,0,0,0,1215,412434,444705,693167,504705603,physical,12,0:6:1:7:2:8:3:9:4:10:5:11,3,1,1,1,2403.72,1
memory,single-key,0,1,0,0,0.500126,0,16317913,3.26276e+07,0,0,0,0,0,509935,50,50,50,70,physical,1,0,1,,,,,
memory,single-key,0,1,0,0,0.50014,0,16400028,3.27908e+07,0,0,0,0,0,512501,50,50,50,70,physical,1,0,2,,,,,
memory,single-key,0,1,0,0,0.500147,0,16383329,3.27571e+07,0,0,0,0,0,511980,50,50,50,70,physical,1,0,3,,,,,
memory,single-key,0,2,0,0,0.500637,0,3498941,6.98898e+06,0,0,0,0,0,109343,50,1620,2210,7370,physical,2,0:6,1,,,,,
memory,single-key,0,2,0,0,0.500469,0,3681039,7.35518e+06,0,0,0,0,0,115034,50,1610,2230,7080,physical,2,0:6,2,,,,,
memory,single-key,0,2,0,0,0.500119,0,4064906,8.12787e+06,0,0,0,0,0,127029,50,1660,2250,7550,physical,2,0:6,3,,,,,
memory,single-key,0,4,0,0,0.500157,0,3820398,7.6384e+06,0,0,0,0,0,119391,50,2770,7570,13180,physical,4,0:6:1:7,1,,,,,
memory,single-key,0,4,0,0,0.500139,0,3823409,7.6447e+06,0,0,0,0,0,119484,50,2791,7581,12940,physical,4,0:6:1:7,2,,,,,
memory,single-key,0,4,0,0,0.500123,0,3838418,7.67495e+06,0,0,0,0,0,119952,50,2750,7650,13480,physical,4,0:6:1:7,3,,,,,
memory,single-key,0,8,0,0,0.500221,0,2919596,5.83661e+06,0,0,0,0,0,91243,210,7960,13270,21230,physical,8,0:6:1:7:2:8:3:9,1,,,,,
memory,single-key,0,8,0,0,0.500179,0,2981432,5.96073e+06,0,0,0,0,0,93173,190,7990,13160,20660,physical,8,0:6:1:7:2:8:3:9,2,,,,,
memory,single-key,0,8,0,0,0.500144,0,3019071,6.0364e+06,0,0,0,0,0,94351,180,7890,12960,21020,physical,8,0:6:1:7:2:8:3:9,3,,,,,
memory,single-key,0,12,0,0,0.50023,0,3041062,6.07933e+06,0,0,0,0,0,95039,210,10710,17600,29400,physical,12,0:6:1:7:2:8:3:9:4:10:5:11,1,,,,,
memory,single-key,0,12,0,0,0.50023,0,3015953,6.02914e+06,0,0,0,0,0,94256,210,10800,17750,28940,physical,12,0:6:1:7:2:8:3:9:4:10:5:11,2,,,,,
memory,single-key,0,12,0,0,0.500218,0,3010315,6.01801e+06,0,0,0,0,0,94079,210,10690,17711,28491,physical,12,0:6:1:7:2:8:3:9:4:10:5:11,3,,,,,
buffered,single-key,0,1,0,0,0.500395,0,379151,757704,0,0,0,0,0,47394,1300,1370,3050,5190,physical,1,0,1,0,0,0,0,0
buffered,single-key,0,1,0,0,0.500398,0,383145,765680,0,0,0,0,0,47894,1291,1350,2980,5000,physical,1,0,2,0,0,0,0,0
buffered,single-key,0,1,0,0,0.500478,0,383999,767264,0,0,0,0,0,48000,1290,1350,2980,5120,physical,1,0,3,0,0,0,0,0
buffered,single-key,0,2,0,0,0.500451,0,257878,515291,0,0,0,0,0,32236,1400,19081,37370,73741,physical,2,0:6,1,0,0,0,0,0
buffered,single-key,0,2,0,0,0.500807,0,257111,513393,0,0,0,0,0,32140,1410,19140,38291,73101,physical,2,0:6,2,0,0,0,0,0
buffered,single-key,0,2,0,0,0.500469,0,256112,511744,0,0,0,0,0,32015,1420,19090,36170,68561,physical,2,0:6,3,0,0,0,0,0
buffered,single-key,0,4,0,0,0.500471,0,227359,454290,0,0,0,0,0,28422,2200,17140,208583,494155,physical,4,0:6:1:7,1,0,0,0,0,0
buffered,single-key,0,4,0,0,0.5001,0,227294,454497,0,0,0,0,0,28414,2200,15220,210402,483605,physical,4,0:6:1:7,2,0,0,0,0,0
buffered,single-key,0,4,0,0,0.500158,0,226693,453243,0,0,0,0,0,28339,2210,14600,210942,520476,physical,4,0:6:1:7,3,0,0,0,0,0
buffered,single-key,0,8,0,0,0.500239,0,256368,512491,0,0,0,0,0,32050,2110,42171,360914,1974170,physical,8,0:6:1:7:2:8:3:9,1,0,0,0,0,0
buffered,single-key,0,8,0,0,0.500189,0,232634,465092,0,0,0,0,0,29084,2300,100061,365924,947120,physical,8,0:6:1:7:2:8:3:9,2,0,0,0,0,0
buffered,single-key,0,8,0,0,0.500248,0,257149,514043,0,0,0,0,0,32147,2090,38340,360774,1694907,physical,8,0:6:1:7:2:8:3:9,3,0,0,0,0,0
buffered,single-key,0,12,0,0,0.500239,0,225663,451110,0,0,0,0,0,28213,2350,151562,558276,1054021,physical,12,0:6:1:7:2:8:3:9:4:10:5:11,1,0,0,0,0,0
buffered,single-key,0,12,0,0,0.500239,0,226494,452771,0,0,0,0,0,28317,2340,158352,587096,1174172,physical,12,0:6:1:7:2:8:3:9:4:10:5:11,2,0,0,0,0,0
buffered,single-key,0,12,0,0,0.50019,0,226373,452574,0,0,0,0,0,28301,2340,159502,579726,1100512,physical,12,0:6:1:7:2:8:3:9:4:10:5:11,3,0,0,0,0,0
sync,single-key,0,1,0,0,0.500548,0,1536,3068.64,0,0,0,0,0,1536,320513,350613,371944,659136,physical,1,0,1,1,1,1,3068.64,1
sync,single-key,0,1,0,0,0.500758,0,1499,2993.46,0,0,0,0,0,1499,321924,352173,416995,690777,physical,1,0,2,1,1,1,2993.46,1
sync,single-key,0,1,0,0,0.500415,0,1504,3005.51,0,0,0,0,0,1504,324413,354364,374354,749498,physical,1,0,3,1,1,1,3005.51,1
sync,single-key,0,2,0,0,0.500681,0,1494,2983.94,0,0,0,0,0,1494,325433,357423,431185,170327706,physical,2,0:6,1,1,1,1,2983.94,1
sync,single-key,0,2,0,0,0.500772,0,1509,3013.35,0,0,0,0,0,1509,325284,357474,382944,169345155,physical,2,0:6,2,1,1,1,3013.35,1
sync,single-key,0,2,0,0,0.501197,0,1517,3026.75,0,0,0,0,0,1517,322424,370084,516935,169445897,physical,2,0:6,3,1,1,1,3026.75,1
sync,single-key,0,4,0,0,0.501261,0,1533,3058.29,0,0,0,0,0,1533,321863,359834,412425,500515059,physical,4,0:6:1:7,1,1,1,1,3058.29,1
sync,single-key,0,4,0,0,0.501271,0,1518,3028.3,0,0,0,0,0,1518,323713,369914,418994,500819582,physical,4,0:6:1:7,2,1,1,1,3028.3,1
sync,single-key,0,4,0,0,0.501617,0,1523,3036.18,0,0,0,0,0,1523,324463,357784,385824,356383256,physical,4,0:6:1:7,3,1,1,1,3036.18,1
sync,single-key,0,8,0,0,0.503,0,1533,3047.71,0,0,0,0,0,1533,321783,356033,414634,502482510,physical,8,0:6:1:7:2:8:3:9,1,1,1,1,3047.71,1
sync,single-key,0,8,0,0,0.50294,0,1492,2966.56,0,0,0,0,0,1492,327503,357083,391284,502432259,physical,8,0:6:1:7:2:8:3:9,2,1,1,1,2966.56,1
sync,single-key,0,8,0,0,0.503008,0,1524,3029.78,0,0,0,0,0,1524,323593,364594,421394,501862213,physical,8,0:6:1:7:2:8:3:9,3,1,1,1,3029.78,1
sync,single-key,0,12,0,0,0.504766,0,1527,3025.17,0,0,0,0,0,1527,325943,356834,389244,504273128,physical,12,0:6:1:7:2:8:3:9:4:10:5:11,1,1,1,1,3025.17,1
sync,single-key,0,12,0,0,0.504481,0,1529,3030.84,0,0,0,0,0,1529,323943,359044,423424,503948224,physical,12,0:6:1:7:2:8:3:9:4:10:5:11,2,1,1,1,3030.84,1
sync,single-key,0,12,0,0,0.504409,0,1529,3031.27,0,0,0,0,0,1529,325443,356444,422734,503945524,physical,12,0:6:1:7:2:8:3:9:4:10:5:11,3,1,1,1,3031.27,1
group,single-key,0,1,20,32,0.500146,0,1220,2439.29,0,0,0,0,0,1220,406874,437115,461935,929549,physical,1,0,1,1,1,1,2439.29,1
group,single-key,0,1,20,32,0.500718,0,1225,2446.49,0,0,0,0,0,1225,406674,436085,456695,934639,physical,1,0,2,1,1,1,2446.49,1
group,single-key,0,1,20,32,0.50035,0,1222,2442.29,0,0,0,0,0,1222,406894,436465,446824,949310,physical,1,0,3,1,1,1,2442.29,1
group,single-key,0,2,20,32,0.500915,0,1204,2403.6,0,0,0,0,0,1204,410345,444595,508925,180653963,physical,2,0:6,1,1,1,1,2403.6,1
group,single-key,0,2,20,32,0.501373,0,1170,2333.59,0,0,0,0,0,1170,422115,448935,560366,218948003,physical,2,0:6,2,1,1,1,2333.59,1
group,single-key,0,2,20,32,0.501247,0,1193,2380.06,0,0,0,0,0,1193,415774,447885,465925,214056722,physical,2,0:6,3,1,1,1,2380.06,1
group,single-key,0,4,20,32,0.501594,0,1212,2416.3,0,0,0,0,0,1212,411544,442115,462785,501086265,physical,4,0:6:1:7,1,1,1,1,2416.3,1
group,single-key,0,4,20,32,0.50176,0,1202,2395.57,0,0,0,0,0,1202,414514,444024,461605,501295007,physical,4,0:6:1:7,2,1,1,1,2395.57,1
group,single-key,0,4,20,32,0.5014,0,1209,2411.25,0,0,0,0,0,1209,411344,443995,458685,500953823,physical,4,0:6:1:7,3,1,1,1,2411.25,1
group,single-key,0,8,20,32,0.503439,0,1205,2393.54,0,0,0,0,0,1205,414235,446115,508005,502909244,physical,8,0:6:1:7:2:8:3:9,1,1,1,1,2393.54,1
group,single-key,0,8,20,32,0.503584,0,1210,2402.78,0,0,0,0,0,1210,413895,443485,455335,503041045,physical,8,0:6:1:7:2:8:3:9,2,1,1,1,2402.78,1
group,single-key,0,8,20,32,0.50364,0,1211,2404.5,0,0,0,0,0,1211,413854,444235,453744,503036265,physical,8,0:6:1:7:2:8:3:9,3,1,1,1,2404.5,1
group,single-key,0,12,20,32,0.50514,0,1220,2415.17,0,0,0,0,0,1220,411314,441485,619576,504560721,physical,12,0:6:1:7:2:8:3:9:4:10:5:11,1,1,1,1,2415.17,1
group,single-key,0,12,20,32,0.50532,0,1222,2418.27,0,0,0,0,0,1222,411405,441465,486845,504741643,physical,12,0:6:1:7:2:8:3:9:4:10:5:11,2,1,1,1,2418.27,1
group,single-key,0,12,20,32,0.505668,0,1204,2381.01,0,0,0,0,0,1204,414485,444845,660187,504619782,physical,12,0:6:1:7:2:8:3:9:4:10:5:11,3,1,1,1,2381.01,1
memory,zipf,0,1,0,0,0.500141,0,8583916,1.7163e+07,0,0,0,0,0,268248,70,110,120,140,physical,1,0,1,,,,,
memory,zipf,0,1,0,0,0.500121,0,8529658,1.70552e+07,0,0,0,0,0,266552,70,110,120,200,physical,1,0,2,,,,,
memory,zipf,0,1,0,0,0.500149,0,8425605,1.68462e+07,0,0,0,0,0,263301,70,110,120,170,physical,1,0,3,,,,,
memory,zipf,0,2,0,0,0.500677,0,5003165,9.9928e+06,0,0,0,0,0,156350,210,390,1180,1810,physical,2,0:6,1,,,,,
memory,zipf,0,2,0,0,0.500453,0,5015991,1.00229e+07,0,0,0,0,0,156751,210,390,1180,1830,physical,2,0:6,2,,,,,
memory,zipf,0,2,0,0,0.500441,0,4977675,9.94658e+06,0,0,0,0,0,155553,210,390,1190,1580,physical,2,0:6,3,,,,,
memory,zipf,0,4,0,0,0.500146,0,7660214,1.53159e+07,0,0,0,0,0,239384,230,920,1380,5360,physical,4,0:6:1:7,1,,,,,
memory,zipf,0,4,0,0,0.500141,0,7671932,1.53395e+07,0,0,0,0,0,239751,230,930,1380,5690,physical,4,0:6:1:7,2,,,,,
memory,zipf,0,4,0,0,0.500133,0,7717187,1.54303e+07,0,0,0,0,0,241165,220,930,1380,5450,physical,4,0:6:1:7,3,,,,,
memory,zipf,0,8,0,0,0.500226,0,10647174,2.12847e+07,0,0,0,0,0,332728,250,1270,2890,7420,physical,8,0:6:1:7:2:8:3:9,1,,,,,
memory,zipf,0,8,0,0,0.500204,0,10599928,2.11912e+07,0,0,0,0,0,331250,250,1280,2880,7530,physical,8,0:6:1:7:2:8:3:9,2,,,,,
memory,zipf,0,8,0,0,0.500226,0,10608062,2.12065e+07,0,0,0,0,0,331506,250,1280,2790,7450,physical,8,0:6:1:7:2:8:3:9,3,,,,,
memory,zipf,0,12,0,0,0.500237,0,12662281,2.53126e+07,0,0,0,0,0,395704,260,1591,5330,9931,physical,12,0:6:1:7:2:8:3:9:4:10:5:11,1,,,,,
memory,zipf,0,12,0,0,0.500223,0,12699551,2.53878e+07,0,0,0,0,0,396867,260,1560,5380,10000,physical,12,0:6:1:7:2:8:3:9:4:10:5:11,2,,,,,
memory,zipf,0,12,0,0,0.500221,0,12713557,2.54159e+07,0,0,0,0,0,397303,260,1550,5370,10030,physical,12,0:6:1:7:2:8:3:9:4:10:5:11,3,,,,,
buffered,zipf,0,1,0,0,0.500397,0,363822,727067,0,0,0,0,0,45478,1360,1430,3120,5520,physical,1,0,1,0,0,0,0,0
buffered,zipf,0,1,0,0,0.50046,0,365816,730960,0,0,0,0,0,45727,1350,1450,3100,5230,physical,1,0,2,0,0,0,0,0
buffered,zipf,0,1,0,0,0.500575,0,362208,723584,0,0,0,0,0,45276,1370,1450,3200,5620,physical,1,0,3,0,0,0,0,0
buffered,zipf,0,2,0,0,0.500475,0,224728,449029,0,0,0,0,0,28091,1930,14150,20350,29940,physical,2,0:6,1,0,0,0,0,0
buffered,zipf,0,2,0,0,0.500465,0,226061,451702,0,0,0,0,0,28259,1880,14060,19790,29980,physical,2,0:6,2,0,0,0,0,0
buffered,zipf,0,2,0,0,0.500463,0,225107,449798,0,0,0,0,0,28140,1940,14180,20330,29970,physical,2,0:6,3,0,0,0,0,0
buffered,zipf,0,4,0,0,0.500164,0,226973,453797,0,0,0,0,0,28373,8620,23730,37490,58771,physical,4,0:6:1:7,1,0,0,0,0,0
buffered,zipf,0,4,0,0,0.500129,0,226226,452336,0,0,0,0,0,28280,8630,23560,38050,58801,physical,4,0:6:1:7,2,0,0,0,0,0
buffered,zipf,0,4,0,0,0.500135,0,226336,452550,0,0,0,0,0,28294,8640,23680,38010,63171,physical,4,0:6:1:7,3,0,0,0,0,0
buffered,zipf,0,8,0,0,0.500162,0,249421,498680,0,0,0,0,0,31181,12081,48360,77601,136551,physical,8,0:6:1:7:2:8:3:9,1,0,0,0,0,0
buffered,zipf,0,8,0,0,0.500189,0,249479,498770,0,0,0,0,0,31188,12130,48841,79061,129141,physical,8,0:6:1:7:2:8:3:9,2,0,0,0,0,0
buffered,zipf,0,8,0,0,0.500164,0,249591,499018,0,0,0,0,0,31203,12000,49441,79241,135941,physical,8,0:6:1:7:2:8:3:9,3,0,0,0,0,0
buffered,zipf,0,12,0,0,0.500242,0,231423,462622,0,0,0,0,0,28933,17110,89021,158362,258563,physical,12,0:6:1:7:2:8:3:9:4:10:5:11,1,0,0,0,0,0
buffered,zipf,0,12,0,0,0.500198,0,231530,462876,0,0,0,0,0,28947,17170,88071,154602,257973,physical,12,0:6:1:7:2:8:3:9:4:10:5:11,2,0,0,0,0,0
buffered,zipf,0,12,0,0,0.500222,0,232571,464936,0,0,0,0,0,29077,17110,86811,151442,269603,physical,12,0:6:1:7:2:8:3:9:4:10:5:11,3,0,0,0,0,0
sync,zipf,0,1,0,0,0.500639,0,1494,2984.18,0,0,0,0,0,1494,325814,355653,414274,719547,physical,1,0,1,1,1,1,2984.18,1
sync,zipf,0,1,0,0,0.500164,0,1521,3041,0,0,0,0,0,1521,322254,353574,377084,794518,physical,1,0,2,1,1,1,3041,1
sync,zipf,0,1,0,0,0.500273,0,1526,3050.34,0,0,0,0,0,1526,321724,352424,375364,794198,physical,1,0,3,1,1,1,3050.34,1
sync,zipf,0,2,0,0,0.500895,0,1485,2964.7,0,0,0,0,0,1485,326493,379154,11542280,54542719,physical,2,0:6,1,1,1,1,2964.7,1
sync,zipf,0,2,0,0,0.500516,0,1489,2974.93,0,0,0,0,0,1489,326084,378154,9974564,54455098,physical,2,0:6,2,1,1,1,2974.93,1
sync,zipf,0,2,0,0,0.501093,0,1491,2975.49,0,0,0,0,0,1491,326513,374934,9224116,68811748,physical,2,0:6,3,1,1,1,2975.49,1
sync,zipf,0,4,0,0,0.501383,0,1492,2975.77,0,0,0,0,0,1492,326603,9442049,15652123,39438201,physical,4,0:6:1:7,1,1,1,1,2975.77,1
sync,zipf,0,4,0,0,0.501674,0,1467,2924.21,0,0,0,0,0,1467,329463,7184935,28457786,60289689,physical,4,0:6:1:7,2,1,1,1,2924.21,1
sync,zipf,0,4,0,0,0.501402,0,1454,2899.87,0,0,0,0,0,1454,330554,430605,27129723,83883024,physical,4,0:6:1:7,3,1,1,1,2899.87,1
sync,zipf,0,8,0,0,0.502763,0,1481,2945.72,0,0,0,0,0,1481,327114,21646725,35400659,57051264,physical,8,0:6:1:7:2:8:3:9,1,1,1,1,2945.72,1
sync,zipf,0,8,0,0,0.502876,0,1479,2941.09,0,0,0,0,0,1479,328333,21162531,34388019,44701956,physical,8,0:6:1:7:2:8:3:9,2,1,1,1,2941.09,1
sync,zipf,0,8,0,0,0.502856,0,1496,2975.01,0,0,0,0,0,1496,325173,20280411,34929014,46736697,physical,8,0:6:1:7:2:8:3:9,3,1,1,1,2975.01,1
sync,zipf,0,12,0,0,0.504674,0,1482,2936.55,0,0,0,0,0,1482,328383,31500718,51757749,67301352,physical,12,0:6:1:7:2:8:3:9:4:10:5:11,1,1,1,1,2936.55,1
sync,zipf,0,12,0,0,0.504467,0,1481,2935.77,0,0,0,0,0,1481,327894,32706651,50870940,73487396,physical,12,0:6:1:7:2:8:3:9:4:10:5:11,2,1,1,1,2935.77,1
sync,zipf,0,12,0,0,0.504339,0,1487,2948.41,0,0,0,0,0,1487,325823,34389309,55533249,87164939,physical,12,0:6:1:7:2:8:3:9:4:10:5:11,3,1,1,1,2948.41,1
group,zipf,0,1,20,32,0.500473,0,1196,2389.74,0,0,0,0,0,1196,406924,435374,502985,834749,physical,1,0,1,1,1,1,2389.74,1
group,zipf,0,1,20,32,0.500237,0,1218,2434.84,0,0,0,0,0,1218,406014,436724,522816,914289,physical,1,0,2,1,1,1,2434.84,1
group,zipf,0,1,20,32,0.500802,0,1225,2446.08,0,0,0,0,0,1225,403924,434304,510766,726348,physical,1,0,3,1,1,1,2446.08,1
group,zipf,0,2,20,32,0.500528,0,2385,4764.97,0,0,0,0,0,2385,405294,442834,811648,1193122,physical,2,0:6,1,1.96458,2,2,2425.44,1.96458
group,zipf,0,2,20,32,0.500715,0,2399,4791.15,0,0,0,0,0,2399,405365,444474,804799,1322524,physical,2,0:6,2,1.97449,2,2,2426.53,1.97449
group,zipf,0,2,20,32,0.500484,0,2409,4813.34,0,0,0,0,0,2409,404914,444634,808318,868229,physical,2,0:6,3,1.96493,2,2,2449.63,1.96493
group,zipf,0,4,20,32,0.500227,0,4630,9255.79,0,0,0,0,0,4630,408225,472585,856068,1631147,physical,4,0:6:1:7,1,3.81698,4,4,2424.9,3.81698
group,zipf,0,4,20,32,0.500504,0,4633,9256.67,0,0,0,0,0,4633,408184,470245,854959,1309064,physical,4,0:6:1:7,2,3.8069,4,4,2431.55,3.8069
group,zipf,0,4,20,32,0.500367,0,4595,9183.26,0,0,0,0,0,4595,408484,490545,880379,1884270,physical,4,0:6:1:7,3,3.78501,4,4,2426.22,3.78501
group,zipf,0,8,20,32,0.500706,0,8363,16702.4,0,0,0,0,0,8363,410594,836879,1633237,2896821,physical,8,0:6:1:7:2:8:3:9,1,6.92875,8,8,2410.6,6.92875
group,zipf,0,8,20,32,0.500302,0,8251,16492,0,0,0,0,0,8251,411675,863179,1649707,3086772,physical,8,0:6:1:7:2:8:3:9,2,6.86439,8,8,2402.55,6.86439
group,zipf,0,8,20,32,0.500878,0,8048,16067.8,0,0,0,0,0,8048,430985,883960,1690068,3283545,physical,8,0:6:1:7:2:8:3:9,3,6.88452,8,8,2333.9,6.88452
group,zipf,0,12,20,32,0.501675,0,10395,20720.6,0,0,0,0,0,10395,413264,1588397,3064382,6168044,physical,12,0:6:1:7:2:8:3:9:4:10:5:11,1,8.63372,11,12,2399.96,8.63372
group,zipf,0,12,20,32,0.502611,0,10406,20703.9,0,0,0,0,0,10406,411644,1590567,2937480,5709869,physical,12,0:6:1:7:2:8:3:9:4:10:5:11,2,8.56461,11,12,2417.38,8.56461
group,zipf,0,12,20,32,0.501788,0,10282,20490.7,0,0,0,0,0,10282,412604,1623777,3229164,5366796,physical,12,0:6:1:7:2:8:3:9:4:10:5:11,3,8.5257,11,12,2403.41,8.5257
memory,uniform,95,1,0,0,0.50013,6710761,340681,1.40992e+07,210253,80,110,120,160,10105,90,130,150,230,physical,1,0,1,,,,,
memory,uniform,95,1,0,0,0.500147,6700449,340130,1.4077e+07,209927,80,110,120,180,10092,90,130,160,260,physical,1,0,2,,,,,
memory,uniform,95,1,0,0,0.500148,6683176,339244,1.40407e+07,209375,80,110,120,170,10076,90,120,150,250,physical,1,0,3,,,,,
memory,uniform,95,2,0,0,0.500486,7822061,409172,1.64465e+07,246235,140,220,280,810,10992,240,330,950,1380,physical,2,0:6,1,,,,,
memory,uniform,95,2,0,0,0.500465,7803251,408158,1.64076e+07,245635,140,220,280,790,10972,230,330,960,1710,physical,2,0:6,2,,,,,
memory,uniform,95,2,0,0,0.500465,7839446,410086,1.64837e+07,246775,140,220,280,800,11024,230,330,960,1600,physical,2,0:6,3,,,,,
memory,uniform,95,4,0,0,0.500191,14007574,738035,2.948e+07,439974,150,230,330,880,20828,250,800,1080,3880,physical,4,0:6:1:7,1,,,,,
memory,uniform,95,4,0,0,0.500142,13999877,737639,2.94667e+07,439732,150,230,330,880,20817,250,810,1100,4010,physical,4,0:6:1:7,2,,,,,
memory,uniform,95,4,0,0,0.500123,13991264,737172,2.94496e+07,439458,150,230,330,900,20807,250,820,1080,5960,physical,4,0:6:1:7,3,,,,,
memory,uniform,95,8,0,0,0.500205,23820186,1252030,5.01239e+07,743687,160,290,560,5010,39824,270,1010,3390,10160,physical,8,0:6:1:7:2:8:3:9,1,,,,,
memory,uniform,95,8,0,0,0.500175,23742709,1248012,4.9964e+07,741268,160,290,560,5150,39694,270,990,3310,9680,physical,8,0:6:1:7:2:8:3:9,2,,,,,
memory,uniform,95,8,0,0,0.500187,23739574,1247895,4.99562e+07,741175,160,290,570,5150,39687,270,1010,3350,10130,physical,8,0:6:1:7:2:8:3:9,3,,,,,
memory,uniform,95,12,0,0,0.50023,30809810,1624315,6.48384e+07,962611,160,300,780,6880,50962,270,1340,7060,12810,physical,12,0:6:1:7:2:8:3:9:4:10:5:11,1,,,,,
memory,uniform,95,12,0,0,0.500211,30606233,1613481,6.44122e+07,956246,160,300,780,6940,50628,270,1390,7430,13131,physical,12,0:6:1:7:2:8:3:9:4:10:5:11,2,,,,,
memory,uniform,95,12,0,0,0.500209,30777055,1622580,6.47722e+07,961583,160,300,780,6870,50912,270,1360,7250,13770,physical,12,0:6:1:7:2:8:3:9:4:10:5:11,3,,,,,
memory,zipf,95,1,0,0,0.500393,7986627,405423,1.67709e+07,250213,70,100,120,140,12039,80,120,140,160,physical,1,0,1,,,,,
memory,zipf,95,1,0,0,0.500412,8048303,408560,1.68998e+07,252145,70,100,120,160,12132,80,120,140,230,physical,1,0,2,,,,,
memory,zipf,95,1,0,0,0.500127,7998918,406046,1.68057e+07,250603,70,100,120,160,12053,80,120,150,240,physical,1,0,3,,,,,
memory,zipf,95,2,0,0,0.500474,8383092,438508,1.76265e+07,263893,130,220,300,820,11783,230,420,950,1590,physical,2,0:6,1,,,,,
memory,zipf,95,2,0,0,0.50022,8391074,438913,1.76522e+07,264142,130,220,300,850,11796,230,570,970,1690,physical,2,0:6,2,,,,,
memory,zipf,95,2,0,0,0.500401,8403871,439588,1.76728e+07,264546,130,220,300,840,11813,230,490,970,1360,physical,2,0:6,3,,,,,
memory,zipf,95,4,0,0,0.50018,13416703,706892,2.8237e+07,421413,130,240,430,5870,19951,240,950,3700,10330,physical,4,0:6:1:7,1,,,,,
memory,zipf,95,4,0,0,0.500151,13410310,706539,2.82252e+07,421219,130,240,450,5870,19934,250,950,5790,11221,physical,4,0:6:1:7,2,,,,,
memory,zipf,95,4,0,0,0.500129,13403482,706172,2.8212e+07,421006,130,240,440,5721,19923,250,940,3480,10490,physical,4,0:6:1:7,3,,,,,
memory,zipf,95,8,0,0,0.500198,15122245,795032,3.1822e+07,472140,140,320,3260,9141,25279,270,6230,15831,38671,physical,8,0:6:1:7:2:8:3:9,1,,,,,
memory,zipf,95,8,0,0,0.500166,15146313,796190,3.18744e+07,472905,140,330,3360,9310,25303,270,4160,15300,36091,physical,8,0:6:1:7:2:8:3:9,2,,,,,
memory,zipf,95,8,0,0,0.500167,15185220,798216,3.19562e+07,474099,140,320,3420,9050,25387,270,6820,16480,38411,physical,8,0:6:1:7:2:8:3:9,3,,,,,
memory,zipf,95,12,0,0,0.500187,14189966,748111,2.9865e+07,443325,140,410,7830,10110,23495,270,11800,50630,116871,physical,12,0:6:1:7:2:8:3:9:4:10:5:11,1,,,,,
memory,zipf,95,12,0,0,0.500295,14082281,742344,2.96318e+07,439973,140,410,7880,10150,23301,270,11690,49820,112492,physical,12,0:6:1:7:2:8:3:9:4:10:5:11,2,,,,,
memory,zipf,95,12,0,0,0.500287,14142097,745512,2.97581e+07,441841,140,410,7830,10130,23402,270,12150,49780,116421,physical,12,0:6:1:7:2:8:3:9:4:10:5:11,3,,,,,
memory,uniform,90,1,0,0,0.50046,6193425,682128,1.37385e+07,194934,80,110,130,140,19928,90,130,150,160,physical,1,0,1,,,,,
memory,uniform,90,1,0,0,0.500125,6199433,682813,1.3761e+07,195117,80,110,120,150,19954,90,130,150,240,physical,1,0,2,,,,,
memory,uniform,90,1,0,0,0.500145,6237931,687045,1.38459e+07,196337,80,110,130,150,20069,90,130,150,230,physical,1,0,3,,,,,
memory,uniform,90,2,0,0,0.500473,6922052,771095,1.53718e+07,218987,150,230,300,860,21425,240,340,950,1370,physical,2,0:6,1,,,,,
memory,uniform,90,2,0,0,0.500477,6939944,773072,1.54113e+07,219535,150,230,300,850,21498,240,340,940,1380,physical,2,0:6,2,,,,,
memory,uniform,90,2,0,0,0.500474,6934356,772476,1.53991e+07,219362,150,230,300,850,21477,240,340,930,1540,physical,2,0:6,3,,,,,
memory,uniform,90,4,0,0,0.500151,12060332,1345786,2.68041e+07,380114,150,250,430,970,38829,250,810,1190,5300,physical,4,0:6:1:7,1,,,,,
memory,uniform,90,4,0,0,0.500145,12063201,1346121,2.68109e+07,380203,150,250,420,990,38840,250,810,1190,6660,physical,4,0:6:1:7,2,,,,,
memory,uniform,90,4,0,0,0.500285,12040804,1343656,2.67537e+07,379487,150,250,430,990,38779,250,820,1210,5820,physical,4,0:6:1:7,3,,,,,
memory,uniform,90,8,0,0,0.500208,19328022,2153700,4.29456e+07,604034,160,300,800,6521,67273,270,1010,3620,10940,physical,8,0:6:1:7:2:8:3:9,1,,,,,
memory,uniform,90,8,0,0,0.500311,19363826,2157544,4.3016e+07,605143,160,300,800,6500,67404,270,1010,3550,11180,physical,8,0:6:1:7:2:8:3:9,2,,,,,
memory,uniform,90,8,0,0,0.500183,19338985,2154854,4.29719e+07,604361,160,300,800,6540,67326,270,1010,3480,10610,physical,8,0:6:1:7:2:8:3:9,3,,,,,
memory,uniform,90,12,0,0,0.500238,23782869,2650760,5.28421e+07,743266,160,320,920,7670,82792,270,1331,8410,19150,physical,12,0:6:1:7:2:8:3:9:4:10:5:11,1,,,,,
memory,uniform,90,12,0,0,0.500204,23631863,2633829,5.25099e+07,738542,160,320,920,7670,82267,270,1330,8320,18460,physical,12,0:6:1:7:2:8:3:9:4:10:5:11,2,,,,,
memory,uniform,90,12,0,0,0.500256,23701089,2641664,5.26585e+07,740698,160,320,920,7680,82519,270,1320,8380,19091,physical,12,0:6:1:7:2:8:3:9:4:10:5:11,3,,,,,
memory,zipf,90,1,0,0,0.500141,7431667,818539,1.64958e+07,233904,70,110,120,150,23915,80,120,140,210,physical,1,0,1,,,,,
memory,zipf,90,1,0,0,0.500143,7462369,821931,1.65639e+07,234871,70,100,120,160,24014,80,120,140,220,physical,1,0,2,,,,,
memory,zipf,90,1,0,0,0.500133,7396955,814683,1.64189e+07,232805,70,100,120,150,23809,80,120,140,230,physical,1,0,3,,,,,
memory,zipf,90,2,0,0,0.500466,7203381,802374,1.59966e+07,227880,130,230,320,900,22300,230,450,990,2860,physical,2,0:6,1,,,,,
memory,zipf,90,2,0,0,0.500483,7213669,803581,1.6019e+07,228213,130,230,320,890,22327,230,430,970,1890,physical,2,0:6,2,,,,,
memory,zipf,90,2,0,0,0.500159,7205724,802655,1.60117e+07,227959,130,230,320,910,22303,230,450,980,1900,physical,2,0:6,3,,,,,
memory,zipf,90,4,0,0,0.500129,10105174,1127654,2.24599e+07,318488,140,260,790,7350,32540,250,1000,7630,16940,physical,4,0:6:1:7,1,,,,,
memory,zipf,90,4,0,0,0.500157,10138039,1131334,2.25317e+07,319513,140,260,790,7330,32656,250,970,7320,17390,physical,4,0:6:1:7,2,,,,,
memory,zipf,90,4,0,0,0.500139,10159517,1133719,2.25802e+07,320194,140,260,790,7350,32723,250,970,7351,14790,physical,4,0:6:1:7,3,,,,,
memory,zipf,90,8,0,0,0.500227,9400087,1047431,2.08856e+07,293776,150,360,6990,9590,32713,260,8840,29100,65651,physical,8,0:6:1:7:2:8:3:9,1,,,,,
memory,zipf,90,8,0,0,0.500169,9369139,1043915,2.08191e+07,292820,150,360,7020,9550,32592,260,8890,29711,69181,physical,8,0:6:1:7:2:8:3:9,2,,,,,
memory,zipf,90,8,0,0,0.500158,9397318,1047063,2.08822e+07,293690,150,360,6960,9560,32701,260,8800,28700,65260,physical,8,0:6:1:7:2:8:3:9,3,,,,,
memory,zipf,90,12,0,0,0.500217,9008040,1004037,2.00155e+07,281550,140,430,7590,9840,31333,260,13360,78311,176562,physical,12,0:6:1:7:2:8:3:9:4:10:5:11,1,,,,,
memory,zipf,90,12,0,0,0.500206,9015263,1004691,2.00317e+07,281795,140,430,7710,9890,31335,260,16060,81381,169372,physical,12,0:6:1:7:2:8:3:9:4:10:5:11,2,,,,,
memory,zipf,90,12,0,0,0.500401,8977414,1000571,1.994e+07,280599,150,440,7660,9880,31218,261,12641,78811,165341,physical,12,0:6:1:7:2:8:3:9:4:10:5:11,3,,,,,
memory,uniform,70,1,0,0,0.500123,4598292,1936466,1.30663e+07,143894,90,120,130,150,60318,90,130,140,160,physical,1,0,1,,,,,
memory,uniform,70,1,0,0,0.500411,4613446,1942925,1.3102e+07,144354,90,120,130,160,60533,90,130,140,230,physical,1,0,2,,,,,
memory,uniform,70,1,0,0,0.500151,4636001,1952497,1.3173e+07,145075,90,110,130,140,60816,90,130,140,150,physical,1,0,3,,,,,
memory,uniform,70,2,0,0,0.500397,4332254,1847262,1.23492e+07,135925,160,260,390,950,57186,240,370,960,1640,physical,2,0:6,1,,,,,
memory,uniform,70,2,0,0,0.500415,4358118,1857824,1.24216e+07,136729,160,260,380,950,57520,240,370,970,1461,physical,2,0:6,2,,,,,
memory,uniform,70,2,0,0,0.50049,4334644,1847499,1.23522e+07,135979,160,260,380,940,57214,240,370,960,1460,physical,2,0:6,3,,,,,
memory,uniform,70,4,0,0,0.50013,7217900,3096069,2.06226e+07,226774,160,300,810,3730,95540,260,780,1270,7430,physical,4,0:6:1:7,1,,,,,
memory,uniform,70,4,0,0,0.500144,7125126,3056696,2.03578e+07,223866,170,300,810,3740,94318,260,800,1280,7191,physical,4,0:6:1:7,2,,,,,
memory,uniform,70,4,0,0,0.500138,7167124,3074083,2.04767e+07,225194,170,300,810,3730,94846,260,800,1280,7300,physical,4,0:6:1:7,3,,,,,
memory,uniform,70,8,0,0,0.500198,10459827,4478129,2.98641e+07,328704,170,370,980,7641,138111,270,1040,6490,17040,physical,8,0:6:1:7:2:8:3:9,1,,,,,
memory,uniform,70,8,0,0,0.500202,10434538,4467302,2.97917e+07,327930,170,370,980,7680,137757,270,1050,6520,16160,physical,8,0:6:1:7:2:8:3:9,2,,,,,
memory,uniform,70,8,0,0,0.500157,10450371,4474152,2.98397e+07,328439,170,370,980,7620,137957,270,1050,6560,16670,physical,8,0:6:1:7:2:8:3:9,3,,,,,
memory,uniform,70,12,0,0,0.500224,11977360,5126465,3.41923e+07,376676,180,600,3340,8420,157826,280,1300,9550,28150,physical,12,0:6:1:7:2:8:3:9:4:10:5:11,1,,,,,
memory,uniform,70,12,0,0,0.500189,12027504,5147746,3.43376e+07,378251,180,580,3270,8340,158479,280,1290,9350,26520,physical,12,0:6:1:7:2:8:3:9:4:10:5:11,2,,,,,
memory,uniform,70,12,0,0,0.500234,11911137,5098015,3.40024e+07,374627,180,600,3290,8320,156916,280,1300,9500,28350,physical,12,0:6:1:7:2:8:3:9:4:10:5:11,3,,,,,
memory,uniform,70,24,0,0,0.500333,12333044,5276464,3.51956e+07,386532,200,900,8070,11170,163779,300,6320,27730,69991,smt,12,0:6:1:7:2:8:3:9:4:10:5:11:12:18:13:19:14:20:15:21:16:22:17:23,1,,,,,
memory,uniform,70,24,0,0,0.500351,12227470,5231441,3.48933e+07,383229,200,910,8060,11150,162374,300,6590,28690,68980,smt,12,0:6:1:7:2:8:3:9:4:10:5:11:12:18:13:19:14:20:15:21:16:22:17:23,2,,,,,
memory,uniform,70,24,0,0,0.500334,12236692,5235533,3.49211e+07,383491,200,910,8090,11170,162528,300,6550,28060,67990,smt,12,0:6:1:7:2:8:3:9:4:10:5:11:12:18:13:19:14:20:15:21:16:22:17:23,3,,,,,
memory,zipf,70,1,0,0,0.50042,5479780,2307803,1.55621e+07,171475,70,110,120,150,71887,80,120,140,150,physical,1,0,1,,,,,
memory,zipf,70,1,0,0,0.500118,5486230,2310519,1.55898e+07,171674,70,110,120,170,71975,80,120,140,270,physical,1,0,2,,,,,
memory,zipf,70,1,0,0,0.500128,5493069,2313378,1.56089e+07,171885,70,110,120,140,72067,80,120,130,150,physical,1,0,3,,,,,
memory,zipf,70,2,0,0,0.500156,4375273,1865147,1.24769e+07,137261,150,270,660,980,57753,230,430,1060,3290,physical,2,0:6,1,,,,,
memory,zipf,70,2,0,0,0.500114,4325435,1843978,1.2336e+07,135714,150,280,660,1010,57081,230,420,1050,2920,physical,2,0:6,2,,,,,
memory,zipf,70,2,0,0,0.500205,4323340,1843096,1.23278e+07,135640,150,280,710,990,57062,230,420,1040,3060,physical,2,0:6,3,,,,,
memory,zipf,70,4,0,0,0.500126,4840514,2076376,1.38303e+07,152082,160,320,1190,8390,64072,250,1010,8780,22650,physical,4,0:6:1:7,1,,,,,
memory,zipf,70,4,0,0,0.500125,4842243,2077174,1.38354e+07,152135,160,320,1270,8400,64099,250,1010,8810,22260,physical,4,0:6:1:7,2,,,,,
memory,zipf,70,4,0,0,0.500136,4858567,2083940,1.38812e+07,152639,160,320,1160,8330,64318,250,1010,8540,20971,physical,4,0:6:1:7,3,,,,,
memory,zipf,70,8,0,0,0.500186,4198944,1797918,1.19893e+07,132000,160,600,7070,9490,55405,260,6680,35080,82431,physical,8,0:6:1:7:2:8:3:9,1,,,,,
memory,zipf,70,8,0,0,0.500169,4235598,1813653,1.20944e+07,133108,160,610,7150,9410,55934,260,6590,34350,77221,physical,8,0:6:1:7:2:8:3:9,2,,,,,
memory,zipf,70,8,0,0,0.500209,4243798,1816894,1.21163e+07,133383,160,600,7090,9391,56018,260,6870,36221,86951,physical,8,0:6:1:7:2:8:3:9,3,,,,,
memory,zipf,70,12,0,0,0.500229,3914335,1675399,1.11743e+07,123095,170,710,7810,10071,51589,270,8960,72871,166881,physical,12,0:6:1:7:2:8:3:9:4:10:5:11,1,,,,,
memory,zipf,70,12,0,0,0.500231,3911747,1674193,1.11667e+07,123004,170,700,7850,10280,51563,270,9190,72941,161632,physical,12,0:6:1:7:2:8:3:9:4:10:5:11,2,,,,,
memory,zipf,70,12,0,0,0.500213,3874057,1657939,1.10593e+07,121845,170,710,7800,10251,51036,270,8940,74550,181132,physical,12,0:6:1:7:2:8:3:9:4:10:5:11,3,,,,,
memory,uniform,50,1,0,0,0.500576,3195676,3131955,1.26407e+07,101470,90,120,130,150,96269,90,130,140,230,physical,1,0,1,,,,,
memory,uniform,50,1,0,0,0.500139,3217628,3153357,1.27384e+07,102175,90,120,130,150,96919,90,121,140,160,physical,1,0,2,,,,,
memory,uniform,50,1,0,0,0.50015,3205878,3142014,1.2692e+07,101813,90,120,130,160,96559,90,130,140,230,physical,1,0,3,,,,,
memory,uniform,50,2,0,0,0.500456,2714844,2686335,1.07925e+07,86042,160,300,750,1000,82745,240,390,990,1490,physical,2,0:6,1,,,,,
memory,uniform,50,2,0,0,0.500466,2711458,2682943,1.07788e+07,85921,160,300,730,1010,82655,240,390,1010,1470,physical,2,0:6,2,,,,,
memory,uniform,50,2,0,0,0.500123,2712258,2683807,1.07895e+07,85956,160,300,740,1020,82672,240,390,1000,1490,physical,2,0:6,3,,,,,
memory,uniform,50,4,0,0,0.500144,4367105,4350973,1.74311e+07,139278,180,340,890,5750,133164,260,810,1350,7350,physical,4,0:6:1:7,1,,,,,
memory,uniform,50,4,0,0,0.500151,4323535,4307878,1.72576e+07,137890,180,340,880,5660,131844,260,810,1340,7280,physical,4,0:6:1:7,2,,,,,
memory,uniform,50,4,0,0,0.500129,4372488,4356164,1.74528e+07,139458,180,330,880,5170,133315,260,810,1330,7290,physical,4,0:6:1:7,3,,,,,
memory,uniform,50,8,0,0,0.500215,6241447,6239176,2.49505e+07,198202,190,660,1200,7660,191822,270,1090,5680,16060,physical,8,0:6:1:7:2:8:3:9,1,,,,,
memory,uniform,50,8,0,0,0.5002,6216316,6213453,2.48496e+07,197396,190,670,1220,7830,191038,270,1090,5790,16230,physical,8,0:6:1:7:2:8:3:9,2,,,,,
memory,uniform,50,8,0,0,0.500168,6199682,6196558,2.47841e+07,196856,190,660,1180,7820,190529,270,1090,5480,16581,physical,8,0:6:1:7:2:8:3:9,3,,,,,
memory,uniform,50,12,0,0,0.500226,6881243,6879846,2.75097e+07,216396,190,770,4510,8670,213644,280,1280,9340,27690,physical,12,0:6:1:7:2:8:3:9:4:10:5:11,1,,,,,
memory,uniform,50,12,0,0,0.500202,7061552,7060189,2.82321e+07,222123,190,770,4540,8630,219189,280,1280,9090,27050,physical,12,0:6:1:7:2:8:3:9:4:10:5:11,2,,,,,
memory,uniform,50,12,0,0,0.500207,7103029,7101569,2.83974e+07,223408,190,770,4380,8490,220491,280,1270,9080,27640,physical,12,0:6:1:7:2:8:3:9:4:10:5:11,3,,,,,
memory,zipf,50,1,0,0,0.500405,3795188,3719501,1.50172e+07,120511,80,110,130,150,114324,80,120,130,150,physical,1,0,1,,,,,
memory,zipf,50,1,0,0,0.50042,3809254,3733349,1.50725e+07,120966,80,110,130,160,114741,80,120,130,230,physical,1,0,2,,,,,
memory,zipf,50,1,0,0,0.500476,3821434,3745250,1.5119e+07,121345,80,110,130,150,115114,80,120,130,140,physical,1,0,3,,,,,
memory,zipf,50,2,0,0,0.500469,2735035,2706068,1.0872e+07,86679,160,310,830,1060,83357,230,410,1160,2920,physical,2,0:6,1,,,,,
memory,zipf,50,2,0,0,0.500644,2730189,2701299,1.0849e+07,86534,160,310,840,1090,83201,230,420,1160,3181,physical,2,0:6,2,,,,,
memory,zipf,50,2,0,0,0.500501,2729185,2700457,1.08484e+07,86506,160,310,820,1070,83172,230,420,1180,3090,physical,2,0:6,3,,,,,
memory,zipf,50,4,0,0,0.50015,3043057,3031812,1.21461e+07,97065,170,440,1760,8640,92777,240,980,7770,21810,physical,4,0:6:1:7,1,,,,,
memory,zipf,50,4,0,0,0.500129,3045198,3034039,1.21553e+07,97128,170,400,1550,8690,92850,240,971,8000,21540,physical,4,0:6:1:7,2,,,,,
memory,zipf,50,4,0,0,0.500149,3049119,3037784,1.21702e+07,97231,170,400,1440,8590,92986,240,970,7910,21750,physical,4,0:6:1:7,3,,,,,
memory,zipf,50,8,0,0,0.500192,2719810,2718983,1.08734e+07,86364,180,740,6930,9500,83602,250,2060,27660,64150,physical,8,0:6:1:7:2:8:3:9,1,,,,,
memory,zipf,50,8,0,0,0.500146,2687407,2686263,1.07442e+07,85323,180,750,6981,9650,82608,260,2240,27440,63430,physical,8,0:6:1:7:2:8:3:9,2,,,,,
memory,zipf,50,8,0,0,0.500183,2729219,2727962,1.09104e+07,86664,180,760,6940,9470,83877,250,2020,27730,64461,physical,8,0:6:1:7:2:8:3:9,3,,,,,
memory,zipf,50,12,0,0,0.500211,2474449,2473926,9.89257e+06,77790,190,840,7750,10220,76850,270,5360,53091,123722,physical,12,0:6:1:7:2:8:3:9:4:10:5:11,1,,,,,
memory,zipf,50,12,0,0,0.5002,2493444,2493383,9.96966e+06,78402,190,850,7680,10210,77443,270,5840,54601,132092,physical,12,0:6:1:7:2:8:3:9:4:10:5:11,2,,,,,
memory,zipf,50,12,0,0,0.50021,2451476,2451155,9.80114e+06,77070,190,860,7900,10470,76143,270,5321,55360,129951,physical,12,0:6:1:7:2:8:3:9:4:10:5:11,3,,,,,
