placement,mode,read_percent,distribution,threads,physical_cores_used,cpus,repetitions,ops_per_sec,read_p50_ns,read_p95_ns,read_p99_ns,read_p999_ns,write_p50_ns,write_p95_ns,write_p99_ns,write_p999_ns,read_samples,write_samples,average_batch_size,batch_p95,batch_p99,fdatasync_calls_per_sec,writes_per_sync,ops_per_sec_min,ops_per_sec_max,ops_per_sec_cv,speedup,parallel_efficiency
physical,memory,100,uniform,1,1,0,3,14362300.0,80.0,110.0,120.0,160.0,0.0,0.0,0.0,,224622.0,0.0,,,,,,14359000.0,14383300.0,0.0009173499576418438,1.0,1.0
physical,memory,100,uniform,2,2,0:6,3,17947300.0,130.0,200.0,230.0,420.0,0.0,0.0,0.0,,280695.0,0.0,,,,,,17937800.0,17977500.0,0.0011546005977957907,1.2496118309741475,0.6248059154870738
physical,memory,100,uniform,4,4,0:6:1:7,3,33169000.0,140.0,220.0,290.0,470.0,0.0,0.0,0.0,,518423.0,0.0,,,,,,33152200.0,33169300.0,0.0002951207377536646,2.3094490436768482,0.5773622609192121
physical,memory,100,uniform,8,8,0:6:1:7:2:8:3:9,3,61222100.0,150.0,270.0,360.0,540.0,0.0,0.0,0.0,,957041.0,0.0,,,,,,61191900.0,61330700.0,0.001191823397906009,4.262694693746823,0.5328368367183529
physical,memory,100,uniform,12,12,0:6:1:7:2:8:3:9:4:10:5:11,3,88876500.0,150.0,280.0,370.0,560.0,0.0,0.0,0.0,,1389281.0,0.0,,,,,,88733800.0,88987700.0,0.0014322153905545253,6.1881801661293805,0.5156816805107817
smt,memory,100,uniform,24,12,0:6:1:7:2:8:3:9:4:10:5:11:12:18:13:19:14:20:15:21:16:22:17:23,3,137071000.0,180.0,350.0,510.0,750.0,0.0,0.0,0.0,,2144676.0,0.0,,,,,,136787000.0,137288000.0,0.001833257994544024,9.54380565786817,0.3976585690778404
physical,memory,100,zipf,1,1,0,3,17216400.0,70.0,100.0,120.0,140.0,0.0,0.0,0.0,,269313.0,0.0,,,,,,17155600.0,17281900.0,0.0036685268723672484,1.0,1.0
physical,memory,100,zipf,2,2,0:6,3,20199100.0,120.0,190.0,230.0,420.0,0.0,0.0,0.0,,315709.0,0.0,,,,,,20131800.0,20244900.0,0.0028174405320346768,1.1732476011245092,0.5866238005622546
physical,memory,100,zipf,4,4,0:6:1:7,3,37085100.0,120.0,210.0,280.0,470.0,0.0,0.0,0.0,,579651.0,0.0,,,,,,37065100.0,37091600.0,0.0003724650441722392,2.1540565971980206,0.5385141492995051
physical,memory,100,zipf,8,8,0:6:1:7:2:8:3:9,3,65116100.0,140.0,270.0,410.0,630.0,0.0,0.0,0.0,,1017879.0,0.0,,,,,,65050800.0,65172200.0,0.0009331169054127429,3.782213470876606,0.4727766838595758
physical,memory,100,zipf,12,12,0:6:1:7:2:8:3:9:4:10:5:11,3,89907100.0,140.0,310.0,510.0,860.0,0.0,0.0,0.0,,1405497.0,0.0,,,,,,89758800.0,89932100.0,0.0010423927165120572,5.222177691038777,0.4351814742532314
physical,memory,100,single-key,1,1,0,3,34044800.0,40.0,50.0,50.0,60.0,0.0,0.0,0.0,,532464.0,0.0,,,,,,33576600.0,34108200.0,0.008562494577718722,1.0,1.0
physical,memory,100,single-key,2,2,0:6,3,21839900.0,160.0,170.0,180.0,190.0,0.0,0.0,0.0,,341579.0,0.0,,,,,,21823700.0,21928200.0,0.0025724052022211533,0.6415047231882696,0.3207523615941348
physical,memory,100,single-key,4,4,0:6:1:7,3,30514200.0,200.0,810.0,1020.0,1340.0,0.0,0.0,0.0,,476924.0,0.0,,,,,,30334300.0,30770000.0,0.00716937271409434,0.8962954694990131,0.22407386737475327
physical,memory,100,single-key,8,8,0:6:1:7:2:8:3:9,3,27579800.0,340.0,1110.0,1660.0,2580.0,0.0,0.0,0.0,,431107.0,0.0,,,,,,27547500.0,27591400.0,0.0008250436524480192,0.8101031581915593,0.10126289477394491
physical,memory,100,single-key,12,12,0:6:1:7:2:8:3:9:4:10:5:11,3,34591700.0,591.0,1390.0,1980.0,3080.0,0.0,0.0,0.0,,540770.0,0.0,,,,,,34572300.0,34632100.0,0.0008817776248859299,1.0160641272676003,0.08467201060563335
physical,memory,0,disjoint-shard,1,1,0,3,12294400.0,0.0,0.0,0.0,,100.0,130.0,140.0,240.0,0.0,192156.0,,,,,,12241900.0,12332500.0,0.0037015304519651417,1.0,1.0
physical,memory,0,disjoint-shard,2,2,0:6,3,23206600.0,0.0,0.0,0.0,,100.0,130.0,180.0,340.0,0.0,363029.0,,,,,,23167600.0,23295900.0,0.0028321826464991137,1.8875748308172826,0.9437874154086413
physical,memory,0,disjoint-shard,4,4,0:6:1:7,3,45053300.0,0.0,0.0,0.0,,100.0,140.0,200.0,380.0,0.0,704157.0,,,,,,45043200.0,45194100.0,0.001870591802763876,3.664538326392504,0.916134581598126
physical,memory,0,disjoint-shard,8,8,0:6:1:7:2:8:3:9,3,87282600.0,0.0,0.0,0.0,,100.0,160.0,220.0,420.0,0.0,1364451.0,,,,,,87020300.0,87549200.0,0.0030297971251300195,7.099378578865174,0.8874223223581468
physical,memory,0,disjoint-shard,12,12,0:6:1:7:2:8:3:9:4:10:5:11,3,125772000.0,0.0,0.0,0.0,,110.0,170.0,230.0,430.0,0.0,1966155.0,,,,,,125434000.0,126264000.0,0.003317145725894071,10.230023425299324,0.852501952108277
physical,buffered,0,disjoint-shard,1,1,0,3,687054.0,0.0,0.0,0.0,,1430.0,1510.0,3200.0,5670.0,0.0,42953.0,0.0,0.0,0.0,0.0,0.0,679259.0,688052.0,0.0070305996131151734,1.0,1.0
physical,buffered,0,disjoint-shard,2,2,0:6,3,433976.0,0.0,0.0,0.0,,1960.0,14841.0,24860.0,43370.0,0.0,27157.0,0.0,0.0,0.0,0.0,0.0,433910.0,437523.0,0.004750643016400708,0.6316475851970879,0.31582379259854393
physical,buffered,0,disjoint-shard,4,4,0:6:1:7,3,453603.0,0.0,0.0,0.0,,8750.0,23670.0,41810.0,70111.0,0.0,28360.0,0.0,0.0,0.0,0.0,0.0,453153.0,453702.0,0.0006452323285088392,0.6602144809578286,0.16505362023945716
physical,buffered,0,disjoint-shard,8,8,0:6:1:7:2:8:3:9,3,407891.0,0.0,0.0,0.0,,19301.0,61741.0,103561.0,178572.0,0.0,25520.0,0.0,0.0,0.0,0.0,0.0,407704.0,408335.0,0.0007944215000520657,0.5936811371449697,0.07421014214312122
physical,buffered,0,disjoint-shard,12,12,0:6:1:7:2:8:3:9:4:10:5:11,3,414319.0,0.0,0.0,0.0,,28981.0,91701.0,151562.0,241793.0,0.0,25912.0,0.0,0.0,0.0,0.0,0.0,412406.0,414514.0,0.00281537322314695,0.6030370247462353,0.05025308539551961
physical,sync,0,disjoint-shard,1,1,0,3,3102.95,0.0,0.0,0.0,,316523.0,347473.0,405104.0,,0.0,1553.0,1.0,1.0,1.0,3102.95,1.0,3092.93,3107.98,0.002470469414418135,1.0,1.0
physical,sync,0,disjoint-shard,2,2,0:6,3,3064.43,0.0,0.0,0.0,,320423.0,364653.0,416134.0,,0.0,1534.0,1.0,1.0,1.0,3064.43,1.0,3046.63,3074.89,0.00466625192678776,0.9875860068644354,0.4937930034322177
physical,sync,0,disjoint-shard,4,4,0:6:1:7,3,3007.73,0.0,0.0,0.0,,323854.0,370414.0,424404.0,,0.0,1509.0,1.0,1.0,1.0,3007.73,1.0,2976.94,3036.1,0.009840040782623962,0.9693130730433942,0.24232826826084855
physical,sync,0,disjoint-shard,8,8,0:6:1:7:2:8:3:9,3,3077.05,0.0,0.0,0.0,,319723.0,362863.0,422044.0,,0.0,1548.0,1.0,1.0,1.0,3077.05,1.0,3045.48,3080.89,0.006333695773317118,0.9916531043039689,0.12395663803799611
physical,sync,0,disjoint-shard,12,12,0:6:1:7:2:8:3:9:4:10:5:11,3,3064.15,0.0,0.0,0.0,,321403.0,354974.0,419015.0,,0.0,1546.0,1.0,1.0,1.0,3064.15,1.0,2995.77,3073.01,0.013884805889373738,0.9874957701542082,0.08229131417951735
physical,group,0,disjoint-shard,1,1,0,3,2426.83,0.0,0.0,0.0,,407834.0,438284.0,490935.0,,0.0,1216.0,1.0,1.0,1.0,2426.83,1.0,2395.46,2440.54,0.009545589874655837,1.0,1.0
physical,group,0,disjoint-shard,2,2,0:6,3,4831.15,0.0,0.0,0.0,,409354.0,449105.0,505846.0,,0.0,2418.0,2.0,2.0,2.0,2415.57,2.0,4781.51,4840.83,0.006605513754513482,1.9907245254096908,0.9953622627048454
physical,group,0,disjoint-shard,4,4,0:6:1:7,3,9663.9,0.0,0.0,0.0,,409374.0,451005.0,494445.0,,0.0,4836.0,4.0,4.0,4.0,2415.98,4.0,9609.73,9728.51,0.0061512445206808345,3.982108347103011,0.9955270867757527
physical,group,0,disjoint-shard,8,8,0:6:1:7:2:8:3:9,3,19078.6,0.0,0.0,0.0,,411344.0,461515.0,503915.0,,0.0,9547.0,7.99581,8.0,8.0,2386.08,7.99581,18386.9,19144.2,0.02223510968061264,7.861531298030764,0.9826914122538455
physical,group,0,disjoint-shard,12,12,0:6:1:7:2:8:3:9:4:10:5:11,3,28331.2,0.0,0.0,0.0,,413644.0,480545.0,520545.0,685017.0,0.0,14187.0,11.9924,12.0,12.0,2362.43,11.9924,28163.2,28433.6,0.0048224304467921085,11.67415929422333,0.9728466078519441
physical,memory,0,disjoint,1,1,0,3,14252500.0,0.0,0.0,0.0,,80.0,120.0,130.0,240.0,0.0,222895.0,,,,,,14252300.0,14304100.0,0.0020917970160211716,1.0,1.0
physical,memory,0,disjoint,2,2,0:6,3,11726200.0,0.0,0.0,0.0,,170.0,360.0,1040.0,1400.0,0.0,183418.0,,,,,,11706300.0,11728400.0,0.0010387236630416226,0.8227468865111384,0.4113734432555692
physical,memory,0,disjoint,4,4,0:6:1:7,3,18998900.0,0.0,0.0,0.0,,180.0,570.0,1240.0,3460.0,0.0,296938.0,,,,,,18975900.0,19055100.0,0.002143257898128668,1.333022276793545,0.3332555691983862
physical,memory,0,disjoint,8,8,0:6:1:7:2:8:3:9,3,30202500.0,0.0,0.0,0.0,,200.0,1030.0,1430.0,5970.0,0.0,472090.0,,,,,,30128200.0,30212700.0,0.0015282538478513638,2.1191019119452728,0.2648877389931591
physical,memory,0,disjoint,12,12,0:6:1:7:2:8:3:9:4:10:5:11,3,37661300.0,0.0,0.0,0.0,,220.0,1160.0,1850.0,6550.0,0.0,588747.0,,,,,,37629500.0,37790300.0,0.0022591473441289285,2.642434660585862,0.22020288838215518
physical,buffered,0,disjoint,1,1,0,3,721043.0,0.0,0.0,0.0,,1360.0,1450.0,3130.0,5720.0,0.0,45109.0,0.0,0.0,0.0,0.0,0.0,716330.0,727961.0,0.008105305972029716,1.0,1.0
physical,buffered,0,disjoint,2,2,0:6,3,453426.0,0.0,0.0,0.0,,1931.0,14110.0,19990.0,31390.0,0.0,28366.0,0.0,0.0,0.0,0.0,0.0,447976.0,454628.0,0.007842448217045517,0.6288473780343198,0.3144236890171599
physical,buffered,0,disjoint,4,4,0:6:1:7,3,455186.0,0.0,0.0,0.0,,8760.0,23300.0,37350.0,58150.0,0.0,28459.0,0.0,0.0,0.0,0.0,0.0,454939.0,455256.0,0.00036590287799520153,0.6312882865515649,0.15782207163789122
physical,buffered,0,disjoint,8,8,0:6:1:7:2:8:3:9,3,494209.0,0.0,0.0,0.0,,13530.0,48150.0,74391.0,119671.0,0.0,30904.0,0.0,0.0,0.0,0.0,0.0,491612.0,496277.0,0.00473145554620056,0.6854084985222796,0.08567606231528495
physical,buffered,0,disjoint,12,12,0:6:1:7:2:8:3:9:4:10:5:11,3,461463.0,0.0,0.0,0.0,,20800.0,80741.0,123561.0,190932.0,0.0,28876.0,0.0,0.0,0.0,0.0,0.0,460763.0,461530.0,0.0009209919285153459,0.6399937313031262,0.05333281094192718
physical,sync,0,disjoint,1,1,0,3,3091.39,0.0,0.0,0.0,,316624.0,347413.0,416545.0,,0.0,1547.0,1.0,1.0,1.0,3091.39,1.0,3053.47,3099.24,0.007943222404463355,1.0,1.0
physical,sync,0,disjoint,2,2,0:6,3,2953.57,0.0,0.0,0.0,,326213.0,384334.0,13122557.0,,0.0,1480.0,1.0,1.0,1.0,2953.57,1.0,2904.62,2981.4,0.013192165489941017,0.9554181128877302,0.4777090564438651
physical,sync,0,disjoint,4,4,0:6:1:7,3,2954.39,0.0,0.0,0.0,,326884.0,417374.0,47000760.0,,0.0,1481.0,1.0,1.0,1.0,2954.39,1.0,2948.02,3004.83,0.010482642026560355,0.9556833657351548,0.2389208414337887
physical,sync,0,disjoint,8,8,0:6:1:7:2:8:3:9,3,2995.05,0.0,0.0,0.0,,322773.0,416704.0,77474057.0,,0.0,1507.0,1.0,1.0,1.0,2995.05,1.0,2923.62,3002.78,0.01467577566495052,0.9688360252184294,0.12110450315230367
physical,sync,0,disjoint,12,12,0:6:1:7:2:8:3:9:4:10:5:11,3,2928.94,0.0,0.0,0.0,,329583.0,13667013.0,105770843.0,,0.0,1478.0,1.0,1.0,1.0,2928.94,1.0,2893.13,2956.15,0.010802069782718101,0.9474508230925248,0.0789542352577104
physical,group,0,disjoint,1,1,0,3,2445.9,0.0,0.0,0.0,,404224.0,435205.0,470185.0,,0.0,1224.0,1.0,1.0,1.0,2445.9,1.0,2412.32,2455.62,0.009319008569849753,1.0,1.0
physical,group,0,disjoint,2,2,0:6,3,4826.8,0.0,0.0,0.0,,405104.0,446394.0,726507.0,,0.0,2416.0,1.99089,2.0,2.0,2425.39,1.99089,4803.58,4834.22,0.003315241355591728,1.9734249151641523,0.9867124575820762
physical,group,0,disjoint,4,4,0:6:1:7,3,9333.01,0.0,0.0,0.0,,413694.0,465605.0,824119.0,,0.0,4674.0,3.9113,4.0,4.0,2386.17,3.9113,9150.17,9362.51,0.012392752812661369,3.815777423443313,0.9539443558608283
physical,group,0,disjoint,8,8,0:6:1:7:2:8:3:9,3,18251.6,0.0,0.0,0.0,,410214.0,717428.0,873339.0,,0.0,9135.0,7.57676,8.0,8.0,2403.7,7.57676,18212.3,18253.6,0.001276850846502785,7.462120282922441,0.9327650353653051
physical,group,0,disjoint,12,12,0:6:1:7:2:8:3:9:4:10:5:11,3,25892.9,0.0,0.0,0.0,,419064.0,833499.0,951770.0,1586906.0,0.0,12967.0,10.989,12.0,12.0,2357.28,10.989,25770.0,25954.0,0.0036221660359269763,10.5862463714788,0.8821871976232334
physical,memory,0,uniform,1,1,0,3,14294900.0,0.0,0.0,0.0,,80.0,110.0,130.0,200.0,0.0,223543.0,,,,,,14241800.0,14309000.0,0.0024811823808768636,1.0,1.0
physical,memory,0,uniform,2,2,0:6,3,9137120.0,0.0,0.0,0.0,,230.0,410.0,1180.0,1650.0,0.0,142899.0,,,,,,9136360.0,9137490.0,6.305223370424649e-05,0.6391874025001923,0.3195937012500962
physical,memory,0,uniform,4,4,0:6:1:7,3,15273600.0,0.0,0.0,0.0,,250.0,760.0,1340.0,5580.0,0.0,238718.0,,,,,,15158100.0,15291900.0,0.0047598649934333884,1.0684649770197763,0.26711624425494407
physical,memory,0,uniform,8,8,0:6:1:7:2:8:3:9,3,24358200.0,0.0,0.0,0.0,,270.0,1170.0,1680.0,6400.0,0.0,380751.0,,,,,,24044700.0,24363400.0,0.007524868228417579,1.7039783419261414,0.21299729274076767
physical,memory,0,uniform,12,12,0:6:1:7:2:8:3:9:4:10:5:11,3,31399300.0,0.0,0.0,0.0,,280.0,1270.0,2300.0,6810.0,0.0,490827.0,,,,,,31121000.0,31445300.0,0.005602142199319554,2.196538625663698,0.18304488547197484
smt,memory,0,uniform,24,12,0:6:1:7:2:8:3:9:4:10:5:11:12:18:13:19:14:20:15:21:16:22:17:23,3,41344600.0,0.0,0.0,0.0,,320.0,1690.0,4080.0,9210.0,0.0,646953.0,,,,,,41298100.0,41736500.0,0.005808333710706804,2.8922622753569454,0.12051092813987273
physical,buffered,0,uniform,1,1,0,3,721906.0,0.0,0.0,0.0,,1360.0,1430.0,3150.0,5640.0,0.0,45156.0,0.0,0.0,0.0,0.0,0.0,718447.0,724597.0,0.004272128920973657,1.0,1.0
physical,buffered,0,uniform,2,2,0:6,3,444358.0,0.0,0.0,0.0,,2000.0,14360.0,22400.0,36091.0,0.0,27801.0,0.0,0.0,0.0,0.0,0.0,437873.0,444895.0,0.008834960861421706,0.6155344324607359,0.30776721623036796
physical,buffered,0,uniform,4,4,0:6:1:7,3,455245.0,0.0,0.0,0.0,,8811.0,23050.0,37621.0,57760.0,0.0,28464.0,0.0,0.0,0.0,0.0,0.0,453361.0,455741.0,0.0027609810081682686,0.6306153432718388,0.1576538358179597
physical,buffered,0,uniform,8,8,0:6:1:7:2:8:3:9,3,493341.0,0.0,0.0,0.0,,13630.0,47890.0,75191.0,115991.0,0.0,30850.0,0.0,0.0,0.0,0.0,0.0,492830.0,495964.0,0.003403390909583059,0.6833867567245597,0.08542334459056997
physical,buffered,0,uniform,12,12,0:6:1:7:2:8:3:9:4:10:5:11,3,462318.0,0.0,0.0,0.0,,21200.0,78781.0,119371.0,184862.0,0.0,28911.0,0.0,0.0,0.0,0.0,0.0,462074.0,463248.0,0.0013393331903608996,0.6404130177613152,0.0533677514801096
physical,sync,0,uniform,1,1,0,3,3072.37,0.0,0.0,0.0,,320523.0,350733.0,371854.0,,0.0,1537.0,1.0,1.0,1.0,3072.37,1.0,2977.72,3090.54,0.019881529506906363,1.0,1.0
physical,sync,0,uniform,2,2,0:6,3,2990.44,0.0,0.0,0.0,,323833.0,377163.0,10988565.0,,0.0,1497.0,1.0,1.0,1.0,2990.44,1.0,2981.45,3042.35,0.010940755998401991,0.9733332899357825,0.48666664496789125
physical,sync,0,uniform,4,4,0:6:1:7,3,2959.88,0.0,0.0,0.0,,326603.0,387484.0,41962997.0,,0.0,1486.0,1.0,1.0,1.0,2959.88,1.0,2957.45,2969.65,0.0021798829273157808,0.96338657127885,0.2408466428197125
physical,sync,0,uniform,8,8,0:6:1:7:2:8:3:9,3,2954.93,0.0,0.0,0.0,,326153.0,421505.0,85158177.0,,0.0,1486.0,1.0,1.0,1.0,2954.93,1.0,2922.07,2976.42,0.009275228885281222,0.9617754372032015,0.12022192965040018
physical,sync,0,uniform,12,12,0:6:1:7:2:8:3:9:4:10:5:11,3,2953.91,0.0,0.0,0.0,,326794.0,16385801.0,110223910.0,,0.0,1490.0,1.0,1.0,1.0,2953.91,1.0,2941.79,2961.35,0.0033440723229280927,0.9614434459391284,0.08012028716159404
physical,group,0,uniform,1,1,0,3,2449.86,0.0,0.0,0.0,,403974.0,436605.0,449545.0,,0.0,1226.0,1.0,1.0,1.0,2449.86,1.0,2356.18,2469.21,0.024927507566270733,1.0,1.0
physical,group,0,uniform,2,2,0:6,3,4809.45,0.0,0.0,0.0,,409524.0,444205.0,650637.0,,0.0,2407.0,1.98761,2.0,2.0,2419.71,1.98761,4780.82,4818.41,0.0040879550706477965,1.963152996497759,0.9815764982488795
physical,group,0,uniform,4,4,0:6:1:7,3,9400.47,0.0,0.0,0.0,,412535.0,461764.0,821849.0,,0.0,4702.0,3.92224,4.0,4.0,2395.1,3.92224,9378.62,9450.39,0.00390958303046349,3.8371457960863067,0.9592864490215767
physical,group,0,uniform,8,8,0:6:1:7:2:8:3:9,3,17983.4,0.0,0.0,0.0,,413985.0,805358.0,890839.0,,0.0,9004.0,7.54163,8.0,8.0,2387.03,7.54163,17904.9,18020.7,0.00328937157679205,7.340582727176247,0.9175728408970308
physical,group,0,uniform,12,12,0:6:1:7:2:8:3:9:4:10:5:11,3,25686.5,0.0,0.0,0.0,,420025.0,836539.0,1222503.0,1673858.0,0.0,12856.0,10.932,12.0,12.0,2349.67,10.932,25064.1,25975.8,0.01821595100476178,10.484884850562889,0.873740404213574
smt,group,0,uniform,24,12,0:6:1:7:2:8:3:9:4:10:5:11:12:18:13:19:14:20:15:21:16:22:17:23,3,44411.6,0.0,0.0,0.0,,442265.0,939770.0,1416234.0,2365115.0,0.0,22246.0,19.7327,22.0,23.0,2252.83,19.7327,44390.3,44454.5,0.000736174772843906,18.12821957173063,0.7553424821554429
physical,memory,0,hot-shard,1,1,0,3,13876300.0,0.0,0.0,0.0,,90.0,120.0,140.0,200.0,0.0,216882.0,,,,,,13792300.0,13967600.0,0.006317242863403459,1.0,1.0
physical,memory,0,hot-shard,2,2,0:6,3,2497290.0,0.0,0.0,0.0,,310.0,2190.0,7350.0,12470.0,0.0,39082.0,,,,,,2463480.0,2502930.0,0.008575717155095123,0.17996800299791732,0.08998400149895866
physical,memory,0,hot-shard,4,4,0:6:1:7,3,2628890.0,0.0,0.0,0.0,,840.0,7010.0,12151.0,19410.0,0.0,41098.0,,,,,,2623280.0,2631620.0,0.0016180301926186978,0.18945179911071394,0.047362949777678486
physical,memory,0,hot-shard,8,8,0:6:1:7:2:8:3:9,3,2494480.0,0.0,0.0,0.0,,1990.0,12180.0,19710.0,31911.0,0.0,38991.0,,,,,,2490840.0,2496550.0,0.0011591017811447121,0.1797654994487003,0.022470687431087537
physical,memory,0,hot-shard,12,12,0:6:1:7:2:8:3:9:4:10:5:11,3,2464670.0,0.0,0.0,0.0,,3360.0,17281.0,27631.0,44020.0,0.0,38534.0,,,,,,2461570.0,2468270.0,0.0013603773654989571,0.17761723225931986,0.014801436021609988
physical,buffered,0,hot-shard,1,1,0,3,714889.0,0.0,0.0,0.0,,1380.0,1440.0,3160.0,5670.0,0.0,44718.0,0.0,0.0,0.0,0.0,0.0,712084.0,721310.0,0.006604756893869606,1.0,1.0
physical,buffered,0,hot-shard,2,2,0:6,3,434626.0,0.0,0.0,0.0,,2020.0,19800.0,39720.0,68721.0,0.0,27214.0,0.0,0.0,0.0,0.0,0.0,432447.0,437431.0,0.005745962394453101,0.6079629145223944,0.3039814572611972
physical,buffered,0,hot-shard,4,4,0:6:1:7,3,410708.0,0.0,0.0,0.0,,2450.0,31461.0,204442.0,287723.0,0.0,25702.0,0.0,0.0,0.0,0.0,0.0,408439.0,411549.0,0.00392147087381934,0.5745059722558328,0.1436264930639582
physical,buffered,0,hot-shard,8,8,0:6:1:7:2:8:3:9,3,384686.0,0.0,0.0,0.0,,2640.0,113281.0,357274.0,752308.0,0.0,24054.0,0.0,0.0,0.0,0.0,0.0,382676.0,387434.0,0.0062050441217579785,0.538105915743563,0.06726323946794538
physical,buffered,0,hot-shard,12,12,0:6:1:7:2:8:3:9:4:10:5:11,3,385509.0,0.0,0.0,0.0,,2620.0,234953.0,615866.0,1303874.0,0.0,24120.0,0.0,0.0,0.0,0.0,0.0,385410.0,385855.0,0.0006059413763748285,0.5392571434166703,0.04493809528472253
physical,sync,0,hot-shard,1,1,0,3,3078.19,0.0,0.0,0.0,,320753.0,351183.0,370384.0,,0.0,1541.0,1.0,1.0,1.0,3078.19,1.0,3075.86,3080.08,0.000686741341382429,1.0,1.0
physical,sync,0,hot-shard,2,2,0:6,3,2974.27,0.0,0.0,0.0,,327314.0,367333.0,420204.0,,0.0,1490.0,1.0,1.0,1.0,2974.27,1.0,2958.74,3015.92,0.009912110490602598,0.9662399007208782,0.4831199503604391
physical,sync,0,hot-shard,4,4,0:6:1:7,3,3013.26,0.0,0.0,0.0,,325753.0,366284.0,399284.0,,0.0,1511.0,1.0,1.0,1.0,3013.26,1.0,3012.63,3014.73,0.0003575981411508662,0.9789064352752754,0.24472660881881886
physical,sync,0,hot-shard,8,8,0:6:1:7:2:8:3:9,3,3055.48,0.0,0.0,0.0,,321073.0,355724.0,417504.0,,0.0,1537.0,1.0,1.0,1.0,3055.48,1.0,3023.94,3081.4,0.009423535196605767,0.9926222877730094,0.12407778597162618
physical,sync,0,hot-shard,12,12,0:6:1:7:2:8:3:9:4:10:5:11,3,3032.13,0.0,0.0,0.0,,324073.0,358624.0,421855.0,,0.0,1531.0,1.0,1.0,1.0,3032.13,1.0,2953.6,3056.44,0.017832917087123347,0.9850366611547695,0.08208638842956413
physical,group,0,hot-shard,1,1,0,3,2457.75,0.0,0.0,0.0,,404675.0,435175.0,444714.0,,0.0,1230.0,1.0,1.0,1.0,2457.75,1.0,2457.67,2466.4,0.0020390635191764885,1.0,1.0
physical,group,0,hot-shard,2,2,0:6,3,2431.11,0.0,0.0,0.0,,410155.0,441005.0,449004.0,,0.0,1217.0,1.0,1.0,1.0,2431.11,1.0,2425.7,2445.45,0.004192920252916584,0.9891608178211779,0.49458040891058896
physical,group,0,hot-shard,4,4,0:6:1:7,3,2375.48,0.0,0.0,0.0,,414515.0,443655.0,466285.0,,0.0,1192.0,1.0,1.0,1.0,2375.48,1.0,2366.79,2420.3,0.012027546687263656,0.9665262943749364,0.2416315735937341
physical,group,0,hot-shard,8,8,0:6:1:7:2:8:3:9,3,2398.24,0.0,0.0,0.0,,413565.0,444675.0,477505.0,,0.0,1208.0,1.0,1.0,1.0,2398.24,1.0,2386.53,2414.32,0.005814129834233729,0.9757867968670532,0.12197334960838165
physical,group,0,hot-shard,12,12,0:6:1:7:2:8:3:9:4:10:5:11,3,2398.35,0.0,0.0,0.0,,413295.0,444705.0,693167.0,,0.0,1212.0,1.0,1.0,1.0,2398.35,1.0,2394.94,2403.72,0.0018450626642456626,0.9758315532499237,0.0813192961041603
physical,memory,0,single-key,1,1,0,3,32757100.0,0.0,0.0,0.0,,50.0,50.0,50.0,70.0,0.0,511980.0,,,,,,32627600.0,32790800.0,0.002632803772981243,1.0,1.0
physical,memory,0,single-key,2,2,0:6,3,7355180.0,0.0,0.0,0.0,,50.0,1620.0,2230.0,7370.0,0.0,115034.0,,,,,,6988980.0,8127870.0,0.07761776694220057,0.22453697061095151,0.11226848530547576
physical,memory,0,single-key,4,4,0:6:1:7,3,7644700.0,0.0,0.0,0.0,,50.0,2770.0,7581.0,13180.0,0.0,119484.0,,,,,,7638400.0,7674950.0,0.002553233148536032,0.23337535984565178,0.058343839961412944
physical,memory,0,single-key,8,8,0:6:1:7:2:8:3:9,3,5960730.0,0.0,0.0,0.0,,190.0,7960.0,13160.0,21020.0,0.0,93173.0,,,,,,5836610.0,6036400.0,0.016968290537106783,0.18196757344209347,0.022745946680261683
physical,memory,0,single-key,12,12,0:6:1:7:2:8:3:9:4:10:5:11,3,6029140.0,0.0,0.0,0.0,,210.0,10710.0,17711.0,28940.0,0.0,94256.0,,,,,,6018010.0,6079330.0,0.005406619208740204,0.18405597565108023,0.015337997970923353
physical,buffered,0,single-key,1,1,0,3,765680.0,0.0,0.0,0.0,,1291.0,1350.0,2980.0,5120.0,0.0,47894.0,0.0,0.0,0.0,0.0,0.0,757704.0,767264.0,0.006710487401732607,1.0,1.0
physical,buffered,0,single-key,2,2,0:6,3,513393.0,0.0,0.0,0.0,,1410.0,19090.0,37370.0,73101.0,0.0,32140.0,0.0,0.0,0.0,0.0,0.0,511744.0,515291.0,0.003456745896193899,0.6705059554905444,0.3352529777452722
physical,buffered,0,single-key,4,4,0:6:1:7,3,454290.0,0.0,0.0,0.0,,2200.0,15220.0,210402.0,494155.0,0.0,28414.0,0.0,0.0,0.0,0.0,0.0,453243.0,454497.0,0.0014807088994068824,0.593315745481141,0.14832893637028524
physical,buffered,0,single-key,8,8,0:6:1:7:2:8:3:9,3,512491.0,0.0,0.0,0.0,,2110.0,42171.0,360914.0,1694907.0,0.0,32050.0,0.0,0.0,0.0,0.0,0.0,465092.0,514043.0,0.05596176030041016,0.6693279176679553,0.08366598970849441
physical,buffered,0,single-key,12,12,0:6:1:7:2:8:3:9:4:10:5:11,3,452574.0,0.0,0.0,0.0,,2340.0,158352.0,579726.0,1100512.0,0.0,28301.0,0.0,0.0,0.0,0.0,0.0,451110.0,452771.0,0.002007006635660882,0.5910746003552397,0.04925621669626998
physical,sync,0,single-key,1,1,0,3,3005.51,0.0,0.0,0.0,,321924.0,352173.0,374354.0,,0.0,1504.0,1.0,1.0,1.0,3005.51,1.0,2993.46,3068.64,0.013359206120584558,1.0,1.0
physical,sync,0,single-key,2,2,0:6,3,3013.35,0.0,0.0,0.0,,325284.0,357474.0,431185.0,,0.0,1509.0,1.0,1.0,1.0,3013.35,1.0,2983.94,3026.75,0.007279976218811042,1.0026085423106228,0.5013042711553114
physical,sync,0,single-key,4,4,0:6:1:7,3,3036.18,0.0,0.0,0.0,,323713.0,359834.0,412425.0,,0.0,1523.0,1.0,1.0,1.0,3036.18,1.0,3028.3,3058.29,0.00511275290788466,1.0102045909013777,0.2525511477253444
physical,sync,0,single-key,8,8,0:6:1:7:2:8:3:9,3,3029.78,0.0,0.0,0.0,,323593.0,357083.0,414634.0,,0.0,1524.0,1.0,1.0,1.0,3029.78,1.0,2966.56,3047.71,0.014140577565615957,1.0080751686069918,0.12600939607587397
physical,sync,0,single-key,12,12,0:6:1:7:2:8:3:9:4:10:5:11,3,3030.84,0.0,0.0,0.0,,325443.0,356834.0,422734.0,,0.0,1529.0,1.0,1.0,1.0,3030.84,1.0,3025.17,3031.27,0.0011239343086630734,1.0084278541744995,0.08403565451454163
physical,group,0,single-key,1,1,0,3,2442.29,0.0,0.0,0.0,,406874.0,436465.0,456695.0,,0.0,1222.0,1.0,1.0,1.0,2442.29,1.0,2439.29,2446.49,0.001480592405915171,1.0,1.0
physical,group,0,single-key,2,2,0:6,3,2380.06,0.0,0.0,0.0,,415774.0,447885.0,508925.0,,0.0,1193.0,1.0,1.0,1.0,2380.06,1.0,2333.59,2403.6,0.015016480319828388,0.9745198154191353,0.4872599077095677
physical,group,0,single-key,4,4,0:6:1:7,3,2411.25,0.0,0.0,0.0,,411544.0,443995.0,461605.0,,0.0,1209.0,1.0,1.0,1.0,2411.25,1.0,2395.57,2416.3,0.0044896253516882876,0.9872906165934431,0.24682265414836077
physical,group,0,single-key,8,8,0:6:1:7:2:8:3:9,3,2402.78,0.0,0.0,0.0,,413895.0,444235.0,455335.0,,0.0,1210.0,1.0,1.0,1.0,2402.78,1.0,2393.54,2404.5,0.0024556843431539866,0.9838225599744503,0.12297781999680629
physical,group,0,single-key,12,12,0:6:1:7:2:8:3:9:4:10:5:11,3,2415.17,0.0,0.0,0.0,,411405.0,441485.0,619576.0,,0.0,1220.0,1.0,1.0,1.0,2415.17,1.0,2381.01,2418.27,0.008597478894563457,0.9888956675906629,0.08240797229922191
physical,memory,0,zipf,1,1,0,3,17055200.0,0.0,0.0,0.0,,70.0,110.0,120.0,170.0,0.0,266552.0,,,,,,16846200.0,17163000.0,0.009462842261327497,1.0,1.0
physical,memory,0,zipf,2,2,0:6,3,9992800.0,0.0,0.0,0.0,,210.0,390.0,1180.0,1810.0,0.0,156350.0,,,,,,9946580.0,10022900.0,0.0038491082464891333,0.5859092827993808,0.2929546413996904
physical,memory,0,zipf,4,4,0:6:1:7,3,15339500.0,0.0,0.0,0.0,,230.0,930.0,1380.0,5450.0,0.0,239751.0,,,,,,15315900.0,15430300.0,0.003931805310541014,0.8994031145926169,0.22485077864815423
physical,memory,0,zipf,8,8,0:6:1:7:2:8:3:9,3,21206500.0,0.0,0.0,0.0,,250.0,1280.0,2880.0,7450.0,0.0,331506.0,,,,,,21191200.0,21284700.0,0.0023626182935535304,1.2434037712838313,0.1554254714104789
physical,memory,0,zipf,12,12,0:6:1:7:2:8:3:9:4:10:5:11,3,25387800.0,0.0,0.0,0.0,,260.0,1560.0,5370.0,10000.0,0.0,396867.0,,,,,,25312600.0,25415900.0,0.0021050541076232964,1.4885665368919743,0.12404721140766452
physical,buffered,0,zipf,1,1,0,3,727067.0,0.0,0.0,0.0,,1360.0,1450.0,3120.0,5520.0,0.0,45478.0,0.0,0.0,0.0,0.0,0.0,723584.0,730960.0,0.00507409252441813,1.0,1.0
physical,buffered,0,zipf,2,2,0:6,3,449798.0,0.0,0.0,0.0,,1930.0,14150.0,20330.0,29970.0,0.0,28140.0,0.0,0.0,0.0,0.0,0.0,449029.0,451702.0,0.0030567482085250798,0.6186472498407987,0.30932362492039933
physical,buffered,0,zipf,4,4,0:6:1:7,3,452550.0,0.0,0.0,0.0,,8630.0,23680.0,38010.0,58801.0,0.0,28294.0,0.0,0.0,0.0,0.0,0.0,452336.0,453797.0,0.0017421748638261122,0.6224323205426735,0.15560808013566838
physical,buffered,0,zipf,8,8,0:6:1:7:2:8:3:9,3,498770.0,0.0,0.0,0.0,,12081.0,48841.0,79061.0,135941.0,0.0,31188.0,0.0,0.0,0.0,0.0,0.0,498680.0,499018.0,0.0003509196196232124,0.6860028030429107,0.08575035038036384
physical,buffered,0,zipf,12,12,0:6:1:7:2:8:3:9:4:10:5:11,3,462876.0,0.0,0.0,0.0,,17110.0,88071.0,154602.0,258563.0,0.0,28947.0,0.0,0.0,0.0,0.0,0.0,462622.0,464936.0,0.002738071396047755,0.6366345880090831,0.05305288233409026
physical,sync,0,zipf,1,1,0,3,3041.0,0.0,0.0,0.0,,322254.0,353574.0,377084.0,,0.0,1521.0,1.0,1.0,1.0,3041.0,1.0,2984.18,3050.34,0.011836382037155918,1.0,1.0
physical,sync,0,zipf,2,2,0:6,3,2974.93,0.0,0.0,0.0,,326493.0,378154.0,9974564.0,,0.0,1489.0,1.0,1.0,1.0,2974.93,1.0,2964.7,2975.49,0.0020440806397804953,0.9782735942124301,0.48913679710621505
physical,sync,0,zipf,4,4,0:6:1:7,3,2924.21,0.0,0.0,0.0,,329463.0,7184935.0,27129723.0,,0.0,1467.0,1.0,1.0,1.0,2924.21,1.0,2899.87,2975.77,0.013212141667877196,0.961594870108517,0.24039871752712924
physical,sync,0,zipf,8,8,0:6:1:7:2:8:3:9,3,2945.72,0.0,0.0,0.0,,327114.0,21162531.0,34929014.0,,0.0,1481.0,1.0,1.0,1.0,2945.72,1.0,2941.09,2975.01,0.006226741240216972,0.9686682012495889,0.12108352515619861
physical,sync,0,zipf,12,12,0:6:1:7:2:8:3:9:4:10:5:11,3,2936.55,0.0,0.0,0.0,,327894.0,32706651.0,51757749.0,,0.0,1482.0,1.0,1.0,1.0,2936.55,1.0,2935.77,2948.41,0.002409081387833335,0.9656527458073003,0.08047106215060836
physical,group,0,zipf,1,1,0,3,2434.84,0.0,0.0,0.0,,406014.0,435374.0,510766.0,,0.0,1218.0,1.0,1.0,1.0,2434.84,1.0,2389.74,2446.08,0.012303265943548526,1.0,1.0
physical,group,0,zipf,2,2,0:6,3,4791.15,0.0,0.0,0.0,,405294.0,444474.0,808318.0,,0.0,2399.0,1.96493,2.0,2.0,2426.53,1.96493,4764.97,4813.34,0.005054973277949991,1.9677473673834829,0.9838736836917414
physical,group,0,zipf,4,4,0:6:1:7,3,9255.79,0.0,0.0,0.0,,408225.0,472585.0,856068.0,,0.0,4630.0,3.8069,4.0,4.0,2426.22,3.8069,9183.26,9256.67,0.004563688552367779,3.8013955742471786,0.9503488935617946
physical,group,0,zipf,8,8,0:6:1:7:2:8:3:9,3,16492.0,0.0,0.0,0.0,,411675.0,863179.0,1649707.0,,0.0,8251.0,6.88452,8.0,8.0,2402.55,6.88452,16067.8,16702.4,0.019685284015959478,6.773340342691922,0.8466675428364903
physical,group,0,zipf,12,12,0:6:1:7:2:8:3:9:4:10:5:11,3,20703.9,0.0,0.0,0.0,,412604.0,1590567.0,3064382.0,5709869.0,0.0,10395.0,8.56461,11.0,12.0,2403.41,8.56461,20490.7,20720.6,0.006210956440177417,8.503187067733403,0.708598922311117
physical,memory,95,uniform,1,1,0,3,14077000.0,80.0,110.0,120.0,170.0,90.0,130.0,150.0,250.0,209927.0,10092.0,,,,,,14040700.0,14099200.0,0.002098579991627766,1.0,1.0
physical,memory,95,uniform,2,2,0:6,3,16446500.0,140.0,220.0,280.0,800.0,230.0,330.0,960.0,1600.0,246235.0,10992.0,,,,,,16407600.0,16483700.0,0.0023138342952450175,1.1683242168075585,0.5841621084037792
physical,memory,95,uniform,4,4,0:6:1:7,3,29466700.0,150.0,230.0,330.0,880.0,250.0,810.0,1080.0,4010.0,439732.0,20817.0,,,,,,29449600.0,29480000.0,0.0005172003328076024,2.0932514029977978,0.5233128507494494
physical,memory,95,uniform,8,8,0:6:1:7:2:8:3:9,3,49964000.0,160.0,290.0,560.0,5150.0,270.0,1010.0,3350.0,10130.0,741268.0,39694.0,,,,,,49956200.0,50123900.0,0.0018924507510030143,3.549335795979257,0.4436669744974071
physical,memory,95,uniform,12,12,0:6:1:7:2:8:3:9:4:10:5:11,3,64772200.0,160.0,300.0,780.0,6880.0,270.0,1360.0,7250.0,13131.0,961583.0,50912.0,,,,,,64412200.0,64838400.0,0.003546347008942394,4.601278681537259,0.3834398901281049
physical,memory,95,zipf,1,1,0,3,16805700.0,70.0,100.0,120.0,160.0,80.0,120.0,140.0,230.0,250603.0,12053.0,,,,,,16770900.0,16899800.0,0.003963316871225232,1.0,1.0
physical,memory,95,zipf,2,2,0:6,3,17652200.0,130.0,220.0,300.0,840.0,230.0,490.0,970.0,1590.0,264142.0,11796.0,,,,,,17626500.0,17672800.0,0.0013142271899445742,1.050369815003243,0.5251849075016215
physical,memory,95,zipf,4,4,0:6:1:7,3,28225200.0,130.0,240.0,440.0,5870.0,250.0,950.0,3700.0,10490.0,421219.0,19934.0,,,,,,28212000.0,28237000.0,0.0004431053955105816,1.6795015976722183,0.4198753994180546
physical,memory,95,zipf,8,8,0:6:1:7:2:8:3:9,3,31874400.0,140.0,320.0,3360.0,9141.0,270.0,6230.0,15831.0,38411.0,472905.0,25303.0,,,,,,31822000.0,31956200.0,0.002121257755456961,1.8966422106785197,0.23708027633481496
physical,memory,95,zipf,12,12,0:6:1:7:2:8:3:9:4:10:5:11,3,29758100.0,140.0,410.0,7830.0,10130.0,270.0,11800.0,49820.0,116421.0,441841.0,23402.0,,,,,,29631800.0,29865000.0,0.0039236304224209845,1.7707146979893726,0.14755955816578106
physical,memory,90,uniform,1,1,0,3,13761000.0,80.0,110.0,130.0,150.0,90.0,130.0,150.0,230.0,195117.0,19954.0,,,,,,13738500.0,13845900.0,0.004109819453287374,1.0,1.0
physical,memory,90,uniform,2,2,0:6,3,15399100.0,150.0,230.0,300.0,850.0,240.0,340.0,940.0,1380.0,219362.0,21477.0,,,,,,15371800.0,15411300.0,0.0013138382864894098,1.1190393140033428,0.5595196570016714
physical,memory,90,uniform,4,4,0:6:1:7,3,26804100.0,150.0,250.0,430.0,990.0,250.0,810.0,1190.0,5820.0,380114.0,38829.0,,,,,,26753700.0,26810900.0,0.0011663859134245455,1.9478308262480923,0.4869577065620231
physical,memory,90,uniform,8,8,0:6:1:7:2:8:3:9,3,42971900.0,160.0,300.0,800.0,6521.0,270.0,1010.0,3550.0,10940.0,604361.0,67326.0,,,,,,42945600.0,43016000.0,0.0008277073919235401,3.1227309061841435,0.39034136327301794
physical,memory,90,uniform,12,12,0:6:1:7:2:8:3:9:4:10:5:11,3,52658500.0,160.0,320.0,920.0,7670.0,270.0,1330.0,8380.0,19091.0,740698.0,82519.0,,,,,,52509900.0,52842100.0,0.0031594168312279324,3.8266477726909383,0.3188873143909115
physical,memory,90,zipf,1,1,0,3,16495800.0,70.0,100.0,120.0,150.0,80.0,120.0,140.0,220.0,233904.0,23915.0,,,,,,16418900.0,16563900.0,0.004398537474488856,1.0,1.0
physical,memory,90,zipf,2,2,0:6,3,16011700.0,130.0,230.0,320.0,900.0,230.0,450.0,980.0,1900.0,227959.0,22303.0,,,,,,15996600.0,16019000.0,0.0007136002235304225,0.9706531359497569,0.48532656797487844
physical,memory,90,zipf,4,4,0:6:1:7,3,22531700.0,140.0,260.0,790.0,7350.0,250.0,970.0,7351.0,16940.0,319513.0,32656.0,,,,,,22459900.0,22580200.0,0.0026871371692563607,1.365905260733035,0.34147631518325877
physical,memory,90,zipf,8,8,0:6:1:7:2:8:3:9,3,20882200.0,150.0,360.0,6990.0,9560.0,260.0,8840.0,29100.0,65651.0,293690.0,32701.0,,,,,,20819100.0,20885600.0,0.001795147284372245,1.2659101104523576,0.1582387638065447
physical,memory,90,zipf,12,12,0:6:1:7:2:8:3:9:4:10:5:11,3,20015500.0,140.0,430.0,7660.0,9880.0,260.0,13360.0,78811.0,169372.0,281550.0,31333.0,,,,,,19940000.0,20031700.0,0.0024475935321667946,1.2133694637422858,0.10111412197852382
physical,memory,70,uniform,1,1,0,3,13102000.0,90.0,120.0,130.0,150.0,90.0,130.0,140.0,160.0,144354.0,60533.0,,,,,,13066300.0,13173000.0,0.004141791360488585,1.0,1.0
physical,memory,70,uniform,2,2,0:6,3,12352200.0,160.0,260.0,380.0,950.0,240.0,370.0,960.0,1461.0,135979.0,57214.0,,,,,,12349200.0,12421600.0,0.00331020726029834,0.942772095863227,0.4713860479316135
physical,memory,70,uniform,4,4,0:6:1:7,3,20476700.0,170.0,300.0,810.0,3730.0,260.0,800.0,1280.0,7300.0,225194.0,94846.0,,,,,,20357800.0,20622600.0,0.00647423422232397,1.5628682643871166,0.39071706609677914
physical,memory,70,uniform,8,8,0:6:1:7:2:8:3:9,3,29839700.0,170.0,370.0,980.0,7641.0,270.0,1050.0,6520.0,16670.0,328439.0,137957.0,,,,,,29791700.0,29864100.0,0.001234771249937663,2.2774919859563427,0.28468649824454284
physical,memory,70,uniform,12,12,0:6:1:7:2:8:3:9:4:10:5:11,3,34192300.0,180.0,600.0,3290.0,8340.0,280.0,1300.0,9500.0,28150.0,376676.0,157826.0,,,,,,34002400.0,34337600.0,0.004918268485024899,2.6097008090367884,0.21747506741973235
smt,memory,70,uniform,24,12,0:6:1:7:2:8:3:9:4:10:5:11:12:18:13:19:14:20:15:21:16:22:17:23,3,34921100.0,200.0,910.0,8070.0,11170.0,300.0,6550.0,28060.0,68980.0,383491.0,162528.0,,,,,,34893300.0,35195600.0,0.00477345947937927,2.66532590444207,0.11105524601841958
physical,memory,70,zipf,1,1,0,3,15589800.0,70.0,110.0,120.0,150.0,80.0,120.0,140.0,150.0,171674.0,71975.0,,,,,,15562100.0,15608900.0,0.0015096828949313146,1.0,1.0
physical,memory,70,zipf,2,2,0:6,3,12336000.0,150.0,280.0,660.0,990.0,230.0,420.0,1050.0,3060.0,135714.0,57081.0,,,,,,12327800.0,12476900.0,0.006770157384364317,0.7912866104760805,0.39564330523804025
physical,memory,70,zipf,4,4,0:6:1:7,3,13835400.0,160.0,320.0,1190.0,8390.0,250.0,1010.0,8780.0,22260.0,152135.0,64099.0,,,,,,13830300.0,13881200.0,0.002024058136630548,0.8874648808836547,0.22186622022091368
physical,memory,70,zipf,8,8,0:6:1:7:2:8:3:9,3,12094400.0,160.0,600.0,7090.0,9410.0,260.0,6680.0,35080.0,82431.0,133108.0,55934.0,,,,,,11989300.0,12116300.0,0.005626274363951777,0.7757892981308291,0.09697366226635364
physical,memory,70,zipf,12,12,0:6:1:7:2:8:3:9:4:10:5:11,3,11166700.0,170.0,710.0,7810.0,10251.0,270.0,8960.0,72941.0,166881.0,123004.0,51563.0,,,,,,11059300.0,11174300.0,0.005776628680527288,0.7162824410832724,0.059690203423606036
physical,memory,50,uniform,1,1,0,3,12692000.0,90.0,120.0,130.0,150.0,90.0,130.0,140.0,230.0,101813.0,96559.0,,,,,,12640700.0,12738400.0,0.00385098999510949,1.0,1.0
physical,memory,50,uniform,2,2,0:6,3,10789500.0,160.0,300.0,740.0,1010.0,240.0,390.0,1000.0,1490.0,85956.0,82672.0,,,,,,10778800.0,10792500.0,0.0006676244272154628,0.8501024267254964,0.4250512133627482
physical,memory,50,uniform,4,4,0:6:1:7,3,17431100.0,180.0,340.0,880.0,5660.0,260.0,810.0,1340.0,7290.0,139278.0,133164.0,,,,,,17257600.0,17452800.0,0.006155526054782665,1.3733926883075953,0.3433481720768988
physical,memory,50,uniform,8,8,0:6:1:7:2:8:3:9,3,24849600.0,190.0,660.0,1200.0,7820.0,270.0,1090.0,5680.0,16230.0,197396.0,191038.0,,,,,,24784100.0,24950500.0,0.003371702111062595,1.9578947368421054,0.24473684210526317
physical,memory,50,uniform,12,12,0:6:1:7:2:8:3:9:4:10:5:11,3,28232100.0,190.0,770.0,4510.0,8630.0,280.0,1280.0,9090.0,27640.0,222123.0,219189.0,,,,,,27509700.0,28397400.0,0.016832358436352904,2.2244011976047906,0.18536676646706587
physical,memory,50,zipf,1,1,0,3,15072500.0,80.0,110.0,130.0,150.0,80.0,120.0,130.0,150.0,120966.0,114741.0,,,,,,15017200.0,15119000.0,0.0033818724833673064,1.0,1.0
physical,memory,50,zipf,2,2,0:6,3,10849000.0,160.0,310.0,830.0,1070.0,230.0,420.0,1160.0,3090.0,86534.0,83201.0,,,,,,10848400.0,10872000.0,0.001239409324593593,0.7197876928180461,0.35989384640902305
physical,memory,50,zipf,4,4,0:6:1:7,3,12155300.0,170.0,400.0,1550.0,8640.0,240.0,971.0,7910.0,21750.0,97128.0,92850.0,,,,,,12146100.0,12170200.0,0.001000380475838722,0.8064554652512854,0.20161386631282135
physical,memory,50,zipf,8,8,0:6:1:7:2:8:3:9,3,10873400.0,180.0,750.0,6940.0,9500.0,250.0,2060.0,27660.0,64150.0,86364.0,83602.0,,,,,,10744200.0,10910400.0,0.008047680198755007,0.7214065350804445,0.09017581688505556
physical,memory,50,zipf,12,12,0:6:1:7:2:8:3:9:4:10:5:11,3,9892570.0,190.0,850.0,7750.0,10220.0,270.0,5360.0,54601.0,129951.0,77790.0,76850.0,,,,,,9801140.0,9969660.0,0.008531899014323916,0.6563323934317465,0.054694366119312214
