mode,distribution,read_percent,threads,group_delay_us,group_max_batch,seconds,reads,writes,ops_per_sec,read_samples,read_p50_ns,read_p95_ns,read_p99_ns,read_p999_ns,write_samples,write_p50_ns,write_p95_ns,write_p99_ns,write_p999_ns,placement,physical_cores_used,cpus,repetition,average_batch_size,batch_p95,batch_p99,fdatasync_calls_per_sec,writes_per_sync
memory,uniform,100,1,0,0,0.500128,7081716,0,1.41598e+07,221304,80,110,120,160,0,0,0,0,0,physical,1,0,1,,,,,
memory,uniform,100,1,0,0,0.500415,7153828,0,1.42958e+07,223558,80,110,120,180,0,0,0,0,0,physical,1,0,2,,,,,
memory,uniform,100,1,0,0,0.500157,7228579,0,1.44526e+07,225894,80,110,120,140,0,0,0,0,0,physical,1,0,3,,,,,
memory,uniform,100,2,0,0,0.500488,8930430,0,1.78434e+07,279077,130,200,240,430,0,0,0,0,0,physical,2,0:6,1,,,,,
memory,uniform,100,2,0,0,0.500412,8961292,0,1.79078e+07,280042,130,200,230,430,0,0,0,0,0,physical,2,0:6,2,,,,,
memory,uniform,100,2,0,0,0.500155,8947060,0,1.78886e+07,279597,130,200,240,420,0,0,0,0,0,physical,2,0:6,3,,,,,
memory,uniform,100,4,0,0,0.500172,16716380,0,3.34213e+07,522389,140,220,290,470,0,0,0,0,0,physical,4,0:6:1:7,1,,,,,
memory,uniform,100,4,0,0,0.503382,16639334,0,3.30551e+07,519981,140,220,290,470,0,0,0,0,0,physical,4,0:6:1:7,2,,,,,
memory,uniform,100,4,0,0,0.500133,16463314,0,3.29178e+07,514481,140,220,290,470,0,0,0,0,0,physical,4,0:6:1:7,3,,,,,
memory,uniform,100,8,0,0,0.500204,30502112,0,6.09793e+07,953195,150,270,361,550,0,0,0,0,0,physical,8,0:6:1:7:2:8:3:9,1,,,,,
memory,uniform,100,8,0,0,0.500197,30450030,0,6.08761e+07,951566,150,270,370,560,0,0,0,0,0,physical,8,0:6:1:7:2:8:3:9,2,,,,,
memory,uniform,100,8,0,0,0.500215,30519796,0,6.10134e+07,953747,150,270,360,540,0,0,0,0,0,physical,8,0:6:1:7:2:8:3:9,3,,,,,
memory,uniform,100,12,0,0,0.500247,44346342,0,8.86489e+07,1385829,150,280,380,560,0,0,0,0,0,physical,12,0:6:1:7:2:8:3:9:4:10:5:11,1,,,,,
memory,uniform,100,12,0,0,0.500253,44335847,0,8.86269e+07,1385501,150,280,371,560,0,0,0,0,0,physical,12,0:6:1:7:2:8:3:9:4:10:5:11,2,,,,,
memory,uniform,100,12,0,0,0.500248,44233225,0,8.84227e+07,1382295,150,280,380,560,0,0,0,0,0,physical,12,0:6:1:7:2:8:3:9:4:10:5:11,3,,,,,
memory,uniform,100,24,0,0,0.500717,68702606,0,1.37208e+08,2146969,180,350,510,750,0,0,0,0,0,smt,12,0:6:1:7:2:8:3:9:4:10:5:11:12:18:13:19:14:20:15:21:16:22:17:23,1,,,,,
memory,uniform,100,24,0,0,0.500803,68280239,0,1.36341e+08,2133769,180,360,520,760,0,0,0,0,0,smt,12,0:6:1:7:2:8:3:9:4:10:5:11:12:18:13:19:14:20:15:21:16:22:17:23,2,,,,,
memory,uniform,100,24,0,0,0.5007,68503777,0,1.36816e+08,2140751,180,360,510,750,0,0,0,0,0,smt,12,0:6:1:7:2:8:3:9:4:10:5:11:12:18:13:19:14:20:15:21:16:22:17:23,3,,,,,
memory,zipf,100,1,0,0,0.500114,8513499,0,1.70231e+07,266047,70,100,120,160,0,0,0,0,0,physical,1,0,1,,,,,
memory,zipf,100,1,0,0,0.500424,8585888,0,1.71572e+07,268309,70,100,120,160,0,0,0,0,0,physical,1,0,2,,,,,
memory,zipf,100,1,0,0,0.500428,8642318,0,1.72699e+07,270073,70,100,120,150,0,0,0,0,0,physical,1,0,3,,,,,
memory,zipf,100,2,0,0,0.500663,10054782,0,2.00829e+07,314213,120,190,230,420,0,0,0,0,0,physical,2,0:6,1,,,,,
memory,zipf,100,2,0,0,0.500618,10063560,0,2.01023e+07,314487,120,200,230,420,0,0,0,0,0,physical,2,0:6,2,,,,,
memory,zipf,100,2,0,0,0.500466,10056422,0,2.00941e+07,314264,120,190,230,420,0,0,0,0,0,physical,2,0:6,3,,,,,
memory,zipf,100,4,0,0,0.500173,18411239,0,3.68097e+07,575353,130,220,280,480,0,0,0,0,0,physical,4,0:6:1:7,1,,,,,
memory,zipf,100,4,0,0,0.500144,18415476,0,3.68204e+07,575486,130,220,290,480,0,0,0,0,0,physical,4,0:6:1:7,2,,,,,
memory,zipf,100,4,0,0,0.500143,18389643,0,3.67688e+07,574679,130,220,290,470,0,0,0,0,0,physical,4,0:6:1:7,3,,,,,
memory,zipf,100,8,0,0,0.500264,32475953,0,6.49176e+07,1014877,140,270,410,640,0,0,0,0,0,physical,8,0:6:1:7:2:8:3:9,1,,,,,
memory,zipf,100,8,0,0,0.500165,32423370,0,6.48254e+07,1013234,140,270,410,640,0,0,0,0,0,physical,8,0:6:1:7:2:8:3:9,2,,,,,
memory,zipf,100,8,0,0,0.500222,32465171,0,6.49015e+07,1014541,140,270,410,640,0,0,0,0,0,physical,8,0:6:1:7:2:8:3:9,3,,,,,
memory,zipf,100,12,0,0,0.500233,44860849,0,8.96799e+07,1401906,140,310,510,850,0,0,0,0,0,physical,12,0:6:1:7:2:8:3:9:4:10:5:11,1,,,,,
memory,zipf,100,12,0,0,0.500253,44709846,0,8.93744e+07,1397189,140,310,520,860,0,0,0,0,0,physical,12,0:6:1:7:2:8:3:9:4:10:5:11,2,,,,,
memory,zipf,100,12,0,0,0.500224,44978671,0,8.99171e+07,1405590,140,310,520,860,0,0,0,0,0,physical,12,0:6:1:7:2:8:3:9:4:10:5:11,3,,,,,
memory,single-key,100,1,0,0,0.500424,16886038,0,3.37435e+07,527689,50,50,50,60,0,0,0,0,0,physical,1,0,1,,,,,
memory,single-key,100,1,0,0,0.500139,17060684,0,3.41119e+07,533147,40,50,50,60,0,0,0,0,0,physical,1,0,2,,,,,
memory,single-key,100,1,0,0,0.500476,17060564,0,3.40886e+07,533143,50,50,50,60,0,0,0,0,0,physical,1,0,3,,,,,
memory,single-key,100,2,0,0,0.500542,10904324,0,2.1785e+07,340762,160,170,180,200,0,0,0,0,0,physical,2,0:6,1,,,,,
memory,single-key,100,2,0,0,0.500449,10905894,0,2.17922e+07,340810,160,170,180,200,0,0,0,0,0,physical,2,0:6,2,,,,,
memory,single-key,100,2,0,0,0.500149,10664232,0,2.13221e+07,333258,160,170,190,200,0,0,0,0,0,physical,2,0:6,3,,,,,
memory,single-key,100,4,0,0,0.500165,15229059,0,3.04481e+07,475910,200,810,1020,1330,0,0,0,0,0,physical,4,0:6:1:7,1,,,,,
memory,single-key,100,4,0,0,0.500134,15244539,0,3.04809e+07,476393,200,810,1020,1320,0,0,0,0,0,physical,4,0:6:1:7,2,,,,,
memory,single-key,100,4,0,0,0.500135,15298217,0,3.05882e+07,478072,200,800,1020,1320,0,0,0,0,0,physical,4,0:6:1:7,3,,,,,
memory,single-key,100,8,0,0,0.500233,13768227,0,2.75236e+07,430261,340,1110,1650,2560,0,0,0,0,0,physical,8,0:6:1:7:2:8:3:9,1,,,,,
memory,single-key,100,8,0,0,0.500175,13748545,0,2.74875e+07,429645,350,1110,1650,2580,0,0,0,0,0,physical,8,0:6:1:7:2:8:3:9,2,,,,,
memory,single-key,100,8,0,0,0.500158,13745543,0,2.74824e+07,429552,340,1110,1651,2570,0,0,0,0,0,physical,8,0:6:1:7:2:8:3:9,3,,,,,
memory,single-key,100,12,0,0,0.500221,17391865,0,3.47684e+07,543503,580,1360,1950,3050,0,0,0,0,0,physical,12,0:6:1:7:2:8:3:9:4:10:5:11,1,,,,,
memory,single-key,100,12,0,0,0.500227,17343107,0,3.46705e+07,541979,590,1370,1970,3070,0,0,0,0,0,physical,12,0:6:1:7:2:8:3:9:4:10:5:11,2,,,,,
memory,single-key,100,12,0,0,0.500198,17375679,0,3.47376e+07,542995,590,1370,1960,3060,0,0,0,0,0,physical,12,0:6:1:7:2:8:3:9:4:10:5:11,3,,,,,
memory,disjoint-shard,0,1,0,0,0.500407,0,6049588,1.20893e+07,0,0,0,0,0,189050,100,130,150,260,physical,1,0,1,,,,,
memory,disjoint-shard,0,1,0,0,0.500409,0,6080115,1.21503e+07,0,0,0,0,0,190004,100,130,140,310,physical,1,0,2,,,,,
memory,disjoint-shard,0,1,0,0,0.500404,0,6129653,1.22494e+07,0,0,0,0,0,191552,100,130,140,160,physical,1,0,3,,,,,
memory,disjoint-shard,0,2,0,0,0.500419,0,11548171,2.3077e+07,0,0,0,0,0,360881,100,130,190,320,physical,2,0:6,1,,,,,
memory,disjoint-shard,0,2,0,0,0.500407,0,11564016,2.31092e+07,0,0,0,0,0,361376,100,130,190,330,physical,2,0:6,2,,,,,
memory,disjoint-shard,0,2,0,0,0.500149,0,11507885,2.30089e+07,0,0,0,0,0,359622,100,130,190,340,physical,2,0:6,3,,,,,
memory,disjoint-shard,0,4,0,0,0.500147,0,22424940,4.48367e+07,0,0,0,0,0,700782,100,140,210,390,physical,4,0:6:1:7,1,,,,,
memory,disjoint-shard,0,4,0,0,0.500148,0,22529797,4.50463e+07,0,0,0,0,0,704058,100,140,200,380,physical,4,0:6:1:7,2,,,,,
memory,disjoint-shard,0,4,0,0,0.500115,0,22442198,4.4874e+07,0,0,0,0,0,701321,100,140,200,370,physical,4,0:6:1:7,3,,,,,
memory,disjoint-shard,0,8,0,0,0.50038,0,43603667,8.71411e+07,0,0,0,0,0,1362618,100,170,220,420,physical,8,0:6:1:7:2:8:3:9,1,,,,,
memory,disjoint-shard,0,8,0,0,0.500241,0,43531140,8.70203e+07,0,0,0,0,0,1360350,100,160,220,420,physical,8,0:6:1:7:2:8:3:9,2,,,,,
memory,disjoint-shard,0,8,0,0,0.500237,0,43316373,8.65917e+07,0,0,0,0,0,1353641,100,170,220,420,physical,8,0:6:1:7:2:8:3:9,3,,,,,
memory,disjoint-shard,0,12,0,0,0.50025,0,62401902,1.24741e+08,0,0,0,0,0,1950067,110,170,230,430,physical,12,0:6:1:7:2:8:3:9:4:10:5:11,1,,,,,
memory,disjoint-shard,0,12,0,0,0.500269,0,62611075,1.25155e+08,0,0,0,0,0,1956600,110,170,230,430,physical,12,0:6:1:7:2:8:3:9:4:10:5:11,2,,,,,
memory,disjoint-shard,0,12,0,0,0.500266,0,62578133,1.2509e+08,0,0,0,0,0,1955573,110,170,230,430,physical,12,0:6:1:7:2:8:3:9:4:10:5:11,3,,,,,
buffered,disjoint-shard,0,1,0,0,0.500458,0,338958,677296,0,0,0,0,0,42370,1460,1510,3340,5780,physical,1,0,1,0,0,0,0,0
buffered,disjoint-shard,0,1,0,0,0.500483,0,339890,679124,0,0,0,0,0,42487,1440,1540,3230,5570,physical,1,0,2,0,0,0,0,0
buffered,disjoint-shard,0,1,0,0,0.500399,0,343230,685913,0,0,0,0,0,42904,1440,1500,3250,5830,physical,1,0,3,0,0,0,0,0
buffered,disjoint-shard,0,2,0,0,0.500131,0,213726,427340,0,0,0,0,0,26717,2100,22650,46130,78581,physical,2,0:6,1,0,0,0,0,0
buffered,disjoint-shard,0,2,0,0,0.500601,0,212205,423900,0,0,0,0,0,26526,2110,22710,48041,93621,physical,2,0:6,2,0,0,0,0,0
buffered,disjoint-shard,0,2,0,0,0.500748,0,212695,424754,0,0,0,0,0,26588,2111,22231,45931,84861,physical,2,0:6,3,0,0,0,0,0
buffered,disjoint-shard,0,4,0,0,0.500483,0,232631,464813,0,0,0,0,0,29081,8610,21871,49770,98422,physical,4,0:6:1:7,1,0,0,0,0,0
buffered,disjoint-shard,0,4,0,0,0.500148,0,233071,466004,0,0,0,0,0,29135,8580,21770,52701,109882,physical,4,0:6:1:7,2,0,0,0,0,0
buffered,disjoint-shard,0,4,0,0,0.500126,0,233218,466318,0,0,0,0,0,29153,8540,22210,51501,96421,physical,4,0:6:1:7,3,0,0,0,0,0
buffered,disjoint-shard,0,8,0,0,0.500174,0,213275,426402,0,0,0,0,0,26662,18950,59031,111531,217732,physical,8,0:6:1:7:2:8:3:9,1,0,0,0,0,0
buffered,disjoint-shard,0,8,0,0,0.500189,0,213603,427045,0,0,0,0,0,26703,18810,61621,116382,215013,physical,8,0:6:1:7:2:8:3:9,2,0,0,0,0,0
buffered,disjoint-shard,0,8,0,0,0.50043,0,212482,424599,0,0,0,0,0,26564,18850,58180,109571,212903,physical,8,0:6:1:7:2:8:3:9,3,0,0,0,0,0
buffered,disjoint-shard,0,12,0,0,0.500295,0,217013,433770,0,0,0,0,0,27132,26150,100791,182262,306543,physical,12,0:6:1:7:2:8:3:9:4:10:5:11,1,0,0,0,0,0
buffered,disjoint-shard,0,12,0,0,0.500246,0,215288,430364,0,0,0,0,0,26914,27621,97982,169822,319213,physical,12,0:6:1:7:2:8:3:9:4:10:5:11,2,0,0,0,0,0
buffered,disjoint-shard,0,12,0,0,0.500226,0,216044,431893,0,0,0,0,0,27011,27121,100411,173332,341864,physical,12,0:6:1:7:2:8:3:9:4:10:5:11,3,0,0,0,0,0
sync,disjoint-shard,0,1,0,0,0.500453,0,1545,3087.2,0,0,0,0,0,1545,317423,349634,406365,659828,physical,1,0,1,1,1,1,3087.2,1
sync,disjoint-shard,0,1,0,0,0.500915,0,1542,3078.37,0,0,0,0,0,1542,316053,347894,552837,889000,physical,1,0,2,1,1,1,3078.37,1
sync,disjoint-shard,0,1,0,0,0.50059,0,1547,3090.35,0,0,0,0,0,1547,316573,347804,514536,732329,physical,1,0,3,1,1,1,3090.35,1
sync,disjoint-shard,0,2,0,0,0.500556,0,1524,3044.62,0,0,0,0,0,1524,319984,368524,635437,85677840,physical,2,0:6,1,1,1,1,3044.62,1
sync,disjoint-shard,0,2,0,0,0.500592,0,1523,3042.4,0,0,0,0,0,1523,319274,369104,606837,84729589,physical,2,0:6,2,1,1,1,3042.4,1
sync,disjoint-shard,0,2,0,0,0.500624,0,1507,3010.24,0,0,0,0,0,1507,320703,370664,645928,99090364,physical,2,0:6,3,1,1,1,3010.24,1
sync,disjoint-shard,0,4,0,0,0.501434,0,1492,2975.47,0,0,0,0,0,1492,325033,369574,442095,363892844,physical,4,0:6:1:7,1,1,1,1,2975.47,1
sync,disjoint-shard,0,4,0,0,0.501337,0,1532,3055.83,0,0,0,0,0,1532,320854,368104,419455,337729381,physical,4,0:6:1:7,2,1,1,1,3055.83,1
sync,disjoint-shard,0,4,0,0,0.501339,0,1523,3037.86,0,0,0,0,0,1523,321463,369594,417864,288342191,physical,4,0:6:1:7,3,1,1,1,3037.86,1
sync,disjoint-shard,0,8,0,0,0.50288,0,1519,3020.6,0,0,0,0,0,1519,324863,366034,417325,502051210,physical,8,0:6:1:7:2:8:3:9,1,1,1,1,3020.6,1
sync,disjoint-shard,0,8,0,0,0.503058,0,1525,3031.46,0,0,0,0,0,1525,322694,373334,22466780,501007038,physical,8,0:6:1:7:2:8:3:9,2,1,1,1,3031.46,1
sync,disjoint-shard,0,8,0,0,0.503221,0,1527,3034.45,0,0,0,0,0,1527,323963,365115,419245,502581206,physical,8,0:6:1:7:2:8:3:9,3,1,1,1,3034.45,1
sync,disjoint-shard,0,12,0,0,0.50444,0,1551,3074.69,0,0,0,0,0,1551,320074,355464,413924,503825870,physical,12,0:6:1:7:2:8:3:9:4:10:5:11,1,1,1,1,3074.69,1
sync,disjoint-shard,0,12,0,0,0.504973,0,1552,3073.43,0,0,0,0,0,1552,319724,352834,519156,504342256,physical,12,0:6:1:7:2:8:3:9:4:10:5:11,2,1,1,1,3073.43,1
sync,disjoint-shard,0,12,0,0,0.504688,0,1506,2984.02,0,0,0,0,0,1506,325043,355654,440425,504025723,physical,12,0:6:1:7:2:8:3:9:4:10:5:11,3,1,1,1,2984.02,1
group,disjoint-shard,0,1,200,32,0.50028,0,841,1681.06,0,0,0,0,0,841,586757,620187,890510,1208874,physical,1,0,1,1,1,1,1681.06,1
group,disjoint-shard,0,1,200,32,0.500354,0,847,1692.8,0,0,0,0,0,847,585237,613677,776969,959171,physical,1,0,2,1,1,1,1692.8,1
group,disjoint-shard,0,1,200,32,0.500983,0,848,1692.67,0,0,0,0,0,848,584807,614247,885650,958042,physical,1,0,3,1,1,1,1692.67,1
group,disjoint-shard,0,2,200,32,0.500821,0,1674,3342.51,0,0,0,0,0,1674,586946,620267,906121,993332,physical,2,0:6,1,2,2,2,1671.26,2
group,disjoint-shard,0,2,200,32,0.500761,0,1672,3338.91,0,0,0,0,0,1672,587657,632898,897370,1033341,physical,2,0:6,2,2,2,2,1669.46,2
group,disjoint-shard,0,2,200,32,0.500602,0,1686,3367.95,0,0,0,0,0,1686,588607,626167,641707,683538,physical,2,0:6,3,2,2,2,1683.97,2
group,disjoint-shard,0,4,200,32,0.500549,0,3356,6704.63,0,0,0,0,0,3356,590807,635257,673597,731829,physical,4,0:6:1:7,1,4,4,4,1676.16,4
group,disjoint-shard,0,4,200,32,0.500602,0,3348,6687.94,0,0,0,0,0,3348,592246,635657,674918,783509,physical,4,0:6:1:7,2,4,4,4,1671.99,4
group,disjoint-shard,0,4,200,32,0.500528,0,3352,6696.93,0,0,0,0,0,3352,591387,636047,678318,825439,physical,4,0:6:1:7,3,4,4,4,1674.23,4
group,disjoint-shard,0,8,200,32,0.500349,0,6640,13270.7,0,0,0,0,0,6640,594277,649058,692328,881861,physical,8,0:6:1:7:2:8:3:9,1,8,8,8,1658.84,8
group,disjoint-shard,0,8,200,32,0.500314,0,6624,13239.7,0,0,0,0,0,6624,594547,652508,699968,859840,physical,8,0:6:1:7:2:8:3:9,2,8,8,8,1654.96,8
group,disjoint-shard,0,8,200,32,0.500973,0,6600,13174.4,0,0,0,0,0,6600,597437,659667,700279,921531,physical,8,0:6:1:7:2:8:3:9,3,8,8,8,1646.79,8
group,disjoint-shard,0,12,200,32,0.501004,0,9694,19349.1,0,0,0,0,0,9694,606797,687228,739689,908160,physical,12,0:6:1:7:2:8:3:9:4:10:5:11,1,11.9975,12,12,1612.76,11.9975
group,disjoint-shard,0,12,200,32,0.501118,0,9468,18893.8,0,0,0,0,0,9468,630387,704428,748518,954641,physical,12,0:6:1:7:2:8:3:9:4:10:5:11,2,12,12,12,1574.48,12
group,disjoint-shard,0,12,200,32,0.500704,0,9636,19244.9,0,0,0,0,0,9636,609857,692778,709498,999452,physical,12,0:6:1:7:2:8:3:9:4:10:5:11,3,12,12,12,1603.74,12
memory,disjoint,0,1,0,0,0.500534,0,7094203,1.41733e+07,0,0,0,0,0,221694,90,120,130,210,physical,1,0,1,,,,,
memory,disjoint,0,1,0,0,0.500602,0,7087222,1.41574e+07,0,0,0,0,0,221476,90,120,130,200,physical,1,0,2,,,,,
memory,disjoint,0,1,0,0,0.500533,0,7069550,1.41241e+07,0,0,0,0,0,220924,90,120,130,190,physical,1,0,3,,,,,
memory,disjoint,0,2,0,0,0.500449,0,5840557,1.16706e+07,0,0,0,0,0,182519,170,360,1040,1410,physical,2,0:6,1,,,,,
memory,disjoint,0,2,0,0,0.500408,0,5845565,1.16816e+07,0,0,0,0,0,182675,170,350,1030,1390,physical,2,0:6,2,,,,,
memory,disjoint,0,2,0,0,0.500145,0,5843462,1.16835e+07,0,0,0,0,0,182609,170,350,1030,1410,physical,2,0:6,3,,,,,
memory,disjoint,0,4,0,0,0.500162,0,9528021,1.90499e+07,0,0,0,0,0,297753,180,580,1240,3190,physical,4,0:6:1:7,1,,,,,
memory,disjoint,0,4,0,0,0.500315,0,9537618,1.90632e+07,0,0,0,0,0,298053,190,580,1240,3220,physical,4,0:6:1:7,2,,,,,
memory,disjoint,0,4,0,0,0.500239,0,9537209,1.90653e+07,0,0,0,0,0,298040,190,580,1240,3440,physical,4,0:6:1:7,3,,,,,
memory,disjoint,0,8,0,0,0.500191,0,15148190,3.02848e+07,0,0,0,0,0,473384,200,1030,1430,5430,physical,8,0:6:1:7:2:8:3:9,1,,,,,
memory,disjoint,0,8,0,0,0.500249,0,15133490,3.02519e+07,0,0,0,0,0,472925,200,1030,1440,5340,physical,8,0:6:1:7:2:8:3:9,2,,,,,
memory,disjoint,0,8,0,0,0.500198,0,15152249,3.02925e+07,0,0,0,0,0,473511,200,1030,1430,5360,physical,8,0:6:1:7:2:8:3:9,3,,,,,
memory,disjoint,0,12,0,0,0.50024,0,19072539,3.81268e+07,0,0,0,0,0,596023,220,1160,1810,6051,physical,12,0:6:1:7:2:8:3:9:4:10:5:11,1,,,,,
memory,disjoint,0,12,0,0,0.500254,0,19042730,3.80661e+07,0,0,0,0,0,595089,220,1160,1810,6020,physical,12,0:6:1:7:2:8:3:9:4:10:5:11,2,,,,,
memory,disjoint,0,12,0,0,0.500229,0,18998754,3.79801e+07,0,0,0,0,0,593716,220,1160,1820,5940,physical,12,0:6:1:7:2:8:3:9:4:10:5:11,3,,,,,
buffered,disjoint,0,1,0,0,0.500396,0,358386,716205,0,0,0,0,0,44799,1371,1450,3100,5330,physical,1,0,1,0,0,0,0,0
buffered,disjoint,0,1,0,0,0.500405,0,362537,724488,0,0,0,0,0,45318,1350,1440,3010,5350,physical,1,0,2,0,0,0,0,0
buffered,disjoint,0,1,0,0,0.500122,0,364552,728926,0,0,0,0,0,45569,1350,1400,3000,5180,physical,1,0,3,0,0,0,0,0
buffered,disjoint,0,2,0,0,0.500455,0,219380,438361,0,0,0,0,0,27424,2090,18300,46130,107221,physical,2,0:6,1,0,0,0,0,0
buffered,disjoint,0,2,0,0,0.500584,0,218434,436358,0,0,0,0,0,27305,2120,18430,51660,111481,physical,2,0:6,2,0,0,0,0,0
buffered,disjoint,0,2,0,0,0.500446,0,220011,439629,0,0,0,0,0,27502,2070,18440,44740,99381,physical,2,0:6,3,0,0,0,0,0
buffered,disjoint,0,4,0,0,0.500482,0,236053,471652,0,0,0,0,0,29508,8440,21861,42841,74781,physical,4,0:6:1:7,1,0,0,0,0,0
buffered,disjoint,0,4,0,0,0.500118,0,235247,470383,0,0,0,0,0,29407,8440,22010,42060,75181,physical,4,0:6:1:7,2,0,0,0,0,0
buffered,disjoint,0,4,0,0,0.500136,0,235252,470376,0,0,0,0,0,29408,8491,22011,41090,71891,physical,4,0:6:1:7,3,0,0,0,0,0
buffered,disjoint,0,8,0,0,0.500182,0,231636,463103,0,0,0,0,0,28959,13560,54921,86431,138312,physical,8,0:6:1:7:2:8:3:9,1,0,0,0,0,0
buffered,disjoint,0,8,0,0,0.500265,0,242761,485265,0,0,0,0,0,30348,13310,51351,81841,133022,physical,8,0:6:1:7:2:8:3:9,2,0,0,0,0,0
buffered,disjoint,0,8,0,0,0.500399,0,242955,485522,0,0,0,0,0,30373,13060,51551,81131,129322,physical,8,0:6:1:7:2:8:3:9,3,0,0,0,0,0
buffered,disjoint,0,12,0,0,0.500358,0,226872,453419,0,0,0,0,0,28365,19520,89852,142112,221842,physical,12,0:6:1:7:2:8:3:9:4:10:5:11,1,0,0,0,0,0
buffered,disjoint,0,12,0,0,0.500361,0,228475,456621,0,0,0,0,0,28564,19680,88411,138312,223392,physical,12,0:6:1:7:2:8:3:9:4:10:5:11,2,0,0,0,0,0
buffered,disjoint,0,12,0,0,0.500201,0,227538,454893,0,0,0,0,0,28448,19470,88041,140042,216913,physical,12,0:6:1:7:2:8:3:9:4:10:5:11,3,0,0,0,0,0
sync,disjoint,0,1,0,0,0.500678,0,1540,3075.83,0,0,0,0,0,1540,320404,351404,371834,404535,physical,1,0,1,1,1,1,3075.83,1
sync,disjoint,0,1,0,0,0.500618,0,1532,3060.22,0,0,0,0,0,1532,320804,353034,372935,644087,physical,1,0,2,1,1,1,3060.22,1
sync,disjoint,0,1,0,0,0.500219,0,1533,3064.66,0,0,0,0,0,1533,320154,351754,372544,656487,physical,1,0,3,1,1,1,3064.66,1
sync,disjoint,0,2,0,0,0.500839,0,1502,2998.97,0,0,0,0,0,1502,324824,375764,12834509,60052084,physical,2,0:6,1,1,1,1,2998.97,1
sync,disjoint,0,2,0,0,0.500831,0,1514,3022.98,0,0,0,0,0,1514,322364,376705,10646233,47204645,physical,2,0:6,2,1,1,1,3022.98,1
sync,disjoint,0,2,0,0,0.501318,0,1525,3041.98,0,0,0,0,0,1525,321193,374205,13240823,48122627,physical,2,0:6,3,1,1,1,3041.98,1
sync,disjoint,0,4,0,0,0.50177,0,1488,2965.5,0,0,0,0,0,1488,325644,415705,41158056,111181734,physical,4,0:6:1:7,1,1,1,1,2965.5,1
sync,disjoint,0,4,0,0,0.501858,0,1442,2873.32,0,0,0,0,0,1442,348924,417495,38723457,110971312,physical,4,0:6:1:7,2,1,1,1,2873.32,1
sync,disjoint,0,4,0,0,0.50156,0,1496,2982.69,0,0,0,0,0,1496,325104,404695,43559974,89007158,physical,4,0:6:1:7,3,1,1,1,2982.69,1
sync,disjoint,0,8,0,0,0.502964,0,1491,2964.43,0,0,0,0,0,1491,325613,576647,88335301,107289349,physical,8,0:6:1:7:2:8:3:9,1,1,1,1,2964.43,1
sync,disjoint,0,8,0,0,0.502695,0,1501,2985.91,0,0,0,0,0,1501,325074,420494,87326659,167030889,physical,8,0:6:1:7:2:8:3:9,2,1,1,1,2985.91,1
sync,disjoint,0,8,0,0,0.502864,0,1488,2959.05,0,0,0,0,0,1488,326014,1066823,82994749,149468827,physical,8,0:6:1:7:2:8:3:9,3,1,1,1,2959.05,1
sync,disjoint,0,12,0,0,0.504456,0,1499,2971.52,0,0,0,0,0,1499,325774,4175698,164313348,206389944,physical,12,0:6:1:7:2:8:3:9:4:10:5:11,1,1,1,1,2971.52,1
sync,disjoint,0,12,0,0,0.504386,0,1482,2938.22,0,0,0,0,0,1482,327373,27631420,95092899,113892636,physical,12,0:6:1:7:2:8:3:9:4:10:5:11,2,1,1,1,2938.22,1
sync,disjoint,0,12,0,0,0.504782,0,1449,2870.55,0,0,0,0,0,1449,347784,31385462,81135957,133772596,physical,12,0:6:1:7:2:8:3:9:4:10:5:11,3,1,1,1,2870.55,1
group,disjoint,0,1,200,32,0.500496,0,840,1678.34,0,0,0,0,0,840,588156,618987,682258,1010932,physical,1,0,1,1,1,1,1678.34,1
group,disjoint,0,1,200,32,0.500592,0,847,1692,0,0,0,0,0,847,585976,615797,642617,903870,physical,1,0,2,1,1,1,1692,1
group,disjoint,0,1,200,32,0.500398,0,848,1694.65,0,0,0,0,0,848,585366,615698,643497,1022642,physical,1,0,3,1,1,1,1694.65,1
group,disjoint,0,2,200,32,0.500907,0,1668,3329.96,0,0,0,0,0,1668,588387,628427,935581,1183673,physical,2,0:6,1,1.99283,2,2,1670.97,1.99283
group,disjoint,0,2,200,32,0.500557,0,1666,3328.3,0,0,0,0,0,1666,588296,637007,909551,1177014,physical,2,0:6,2,1.99282,2,2,1670.14,1.99282
group,disjoint,0,2,200,32,0.501199,0,1666,3324.03,0,0,0,0,0,1666,588277,636727,900630,1180423,physical,2,0:6,3,1.99282,2,2,1668,1.99282
group,disjoint,0,4,200,32,0.500552,0,3266,6524.79,0,0,0,0,0,3266,590617,642578,1187924,1761401,physical,4,0:6:1:7,1,3.89737,4,4,1674.15,3.89737
group,disjoint,0,4,200,32,0.500476,0,3285,6563.75,0,0,0,0,0,3285,591106,639667,1179834,1752470,physical,4,0:6:1:7,2,3.91538,4,4,1676.4,3.91538
group,disjoint,0,4,200,32,0.500811,0,3277,6543.39,0,0,0,0,0,3277,590967,642677,1184464,1770710,physical,4,0:6:1:7,3,3.9105,4,4,1673.29,3.9105
group,disjoint,0,8,200,32,0.50095,0,6305,12586.1,0,0,0,0,0,6305,595647,893600,1243174,1874482,physical,8,0:6:1:7:2:8:3:9,1,7.59639,8,8,1656.85,7.59639
group,disjoint,0,8,200,32,0.501663,0,6323,12604.1,0,0,0,0,0,6323,595037,745218,1240384,1827792,physical,8,0:6:1:7:2:8:3:9,2,7.59976,8,8,1658.48,7.59976
group,disjoint,0,8,200,32,0.500361,0,6292,12574.9,0,0,0,0,0,6292,595307,1170414,1242904,1826751,physical,8,0:6:1:7:2:8:3:9,3,7.58072,8,8,1658.8,7.58072
group,disjoint,0,12,200,32,0.500716,0,9032,18038.2,0,0,0,0,0,9032,601967,1201214,1324195,1890911,physical,12,0:6:1:7:2:8:3:9:4:10:5:11,1,11.0281,12,12,1635.66,11.0281
group,disjoint,0,12,200,32,0.501248,0,8951,17857.4,0,0,0,0,0,8951,604237,1202583,1356655,2382537,physical,12,0:6:1:7:2:8:3:9:4:10:5:11,2,10.9559,12,12,1629.93,10.9559
group,disjoint,0,12,200,32,0.501223,0,8696,17349.6,0,0,0,0,0,8696,625597,1247124,1787391,6660248,physical,12,0:6:1:7:2:8:3:9:4:10:5:11,3,11.0215,12,12,1574.15,11.0215
memory,uniform,0,1,0,0,0.500127,0,7151343,1.42991e+07,0,0,0,0,0,223480,80,110,130,140,physical,1,0,1,,,,,
memory,uniform,0,1,0,0,0.500447,0,7026853,1.40412e+07,0,0,0,0,0,219590,90,120,130,250,physical,1,0,2,,,,,
memory,uniform,0,1,0,0,0.500189,0,7108929,1.42125e+07,0,0,0,0,0,222155,90,120,130,150,physical,1,0,3,,,,,
memory,uniform,0,2,0,0,0.500496,0,4538525,9.06805e+06,0,0,0,0,0,141830,240,410,1170,1940,physical,2,0:6,1,,,,,
memory,uniform,0,2,0,0,0.500445,0,4569528,9.13094e+06,0,0,0,0,0,142799,240,410,1170,1740,physical,2,0:6,2,,,,,
memory,uniform,0,2,0,0,0.500474,0,4548825,9.08904e+06,0,0,0,0,0,142152,240,410,1170,1590,physical,2,0:6,3,,,,,
memory,uniform,0,4,0,0,0.500151,0,7474314,1.49441e+07,0,0,0,0,0,233575,260,770,1350,5190,physical,4,0:6:1:7,1,,,,,
memory,uniform,0,4,0,0,0.500145,0,7609334,1.52143e+07,0,0,0,0,0,237794,250,770,1350,5250,physical,4,0:6:1:7,2,,,,,
memory,uniform,0,4,0,0,0.500145,0,7603147,1.52019e+07,0,0,0,0,0,237600,250,770,1340,5320,physical,4,0:6:1:7,3,,,,,
memory,uniform,0,8,0,0,0.500201,0,12182909,2.4356e+07,0,0,0,0,0,380719,270,1170,1700,5880,physical,8,0:6:1:7:2:8:3:9,1,,,,,
memory,uniform,0,8,0,0,0.500298,0,12197223,2.43799e+07,0,0,0,0,0,381167,270,1170,1700,5830,physical,8,0:6:1:7:2:8:3:9,2,,,,,
memory,uniform,0,8,0,0,0.50017,0,12130910,2.42536e+07,0,0,0,0,0,379093,270,1170,1700,5911,physical,8,0:6:1:7:2:8:3:9,3,,,,,
memory,uniform,0,12,0,0,0.500259,0,15589419,3.11627e+07,0,0,0,0,0,487174,280,1280,2260,6371,physical,12,0:6:1:7:2:8:3:9:4:10:5:11,1,,,,,
memory,uniform,0,12,0,0,0.500218,0,15573596,3.11336e+07,0,0,0,0,0,486681,280,1280,2271,6390,physical,12,0:6:1:7:2:8:3:9:4:10:5:11,2,,,,,
memory,uniform,0,12,0,0,0.500264,0,15679165,3.13418e+07,0,0,0,0,0,489980,280,1270,2240,6410,physical,12,0:6:1:7:2:8:3:9:4:10:5:11,3,,,,,
memory,uniform,0,24,0,0,0.500752,0,20892771,4.17228e+07,0,0,0,0,0,652912,320,1680,3900,8940,smt,12,0:6:1:7:2:8:3:9:4:10:5:11:12:18:13:19:14:20:15:21:16:22:17:23,1,,,,,
memory,uniform,0,24,0,0,0.500648,0,20757469,4.14612e+07,0,0,0,0,0,648682,320,1680,3970,8980,smt,12,0:6:1:7:2:8:3:9:4:10:5:11:12:18:13:19:14:20:15:21:16:22:17:23,2,,,,,
memory,uniform,0,24,0,0,0.500782,0,20763827,4.14628e+07,0,0,0,0,0,648881,320,1700,4090,8910,smt,12,0:6:1:7:2:8:3:9:4:10:5:11:12:18:13:19:14:20:15:21:16:22:17:23,3,,,,,
buffered,uniform,0,1,0,0,0.500443,0,355147,709665,0,0,0,0,0,44394,1390,1480,3150,5440,physical,1,0,1,0,0,0,0,0
buffered,uniform,0,1,0,0,0.500127,0,360525,720867,0,0,0,0,0,45066,1370,1410,3160,5490,physical,1,0,2,0,0,0,0,0
buffered,uniform,0,1,0,0,0.500423,0,357430,714255,0,0,0,0,0,44679,1370,1470,3120,5600,physical,1,0,3,0,0,0,0,0
buffered,uniform,0,2,0,0,0.500144,0,211844,423566,0,0,0,0,0,26482,2150,19640,50411,100131,physical,2,0:6,1,0,0,0,0,0
buffered,uniform,0,2,0,0,0.500469,0,212903,425407,0,0,0,0,0,26614,2160,20571,44180,83481,physical,2,0:6,2,0,0,0,0,0
buffered,uniform,0,2,0,0,0.500591,0,212740,424978,0,0,0,0,0,26593,2160,22180,45500,78261,physical,2,0:6,3,0,0,0,0,0
buffered,uniform,0,4,0,0,0.500127,0,232736,465354,0,0,0,0,0,29094,8580,22030,45490,84021,physical,4,0:6:1:7,1,0,0,0,0,0
buffered,uniform,0,4,0,0,0.500122,0,234396,468677,0,0,0,0,0,29301,8530,22130,45060,83171,physical,4,0:6:1:7,2,0,0,0,0,0
buffered,uniform,0,4,0,0,0.500155,0,233418,466691,0,0,0,0,0,29178,8590,21950,46080,83391,physical,4,0:6:1:7,3,0,0,0,0,0
buffered,uniform,0,8,0,0,0.500231,0,241398,482573,0,0,0,0,0,30179,13450,51270,82611,132131,physical,8,0:6:1:7:2:8:3:9,1,0,0,0,0,0
buffered,uniform,0,8,0,0,0.500158,0,238211,476271,0,0,0,0,0,29781,13690,51801,82031,129312,physical,8,0:6:1:7:2:8:3:9,2,0,0,0,0,0
buffered,uniform,0,8,0,0,0.500154,0,233206,466268,0,0,0,0,0,29154,14181,53550,84231,136231,physical,8,0:6:1:7:2:8:3:9,3,0,0,0,0,0
buffered,uniform,0,12,0,0,0.500268,0,229045,457845,0,0,0,0,0,28635,20140,86231,136731,207232,physical,12,0:6:1:7:2:8:3:9:4:10:5:11,1,0,0,0,0,0
buffered,uniform,0,12,0,0,0.500208,0,229034,457877,0,0,0,0,0,28636,20000,86481,135272,204742,physical,12,0:6:1:7:2:8:3:9:4:10:5:11,2,0,0,0,0,0
buffered,uniform,0,12,0,0,0.500252,0,227724,455218,0,0,0,0,0,28470,20381,86551,132442,208403,physical,12,0:6:1:7:2:8:3:9:4:10:5:11,3,0,0,0,0,0
sync,uniform,0,1,0,0,0.500727,0,1542,3079.52,0,0,0,0,0,1542,318514,350294,371845,749509,physical,1,0,1,1,1,1,3079.52,1
sync,uniform,0,1,0,0,0.500689,0,1554,3103.72,0,0,0,0,0,1554,316494,347784,368544,664607,physical,1,0,2,1,1,1,3103.72,1
sync,uniform,0,1,0,0,0.500538,0,1548,3092.67,0,0,0,0,0,1548,317343,349444,368654,553266,physical,1,0,3,1,1,1,3092.67,1
sync,uniform,0,2,0,0,0.500607,0,1512,3020.33,0,0,0,0,0,1512,321744,372364,12672806,46447217,physical,2,0:6,1,1,1,1,3020.33,1
sync,uniform,0,2,0,0,0.500605,0,1502,3000.37,0,0,0,0,0,1502,324444,376295,12331892,46166253,physical,2,0:6,2,1,1,1,3000.37,1
sync,uniform,0,2,0,0,0.500825,0,1498,2991.07,0,0,0,0,0,1498,324854,375464,12048549,41112585,physical,2,0:6,3,1,1,1,2991.07,1
sync,uniform,0,4,0,0,0.501478,0,1502,2995.15,0,0,0,0,0,1502,322114,413335,45318894,72288655,physical,4,0:6:1:7,1,1,1,1,2995.15,1
sync,uniform,0,4,0,0,0.501303,0,1459,2910.42,0,0,0,0,0,1459,331794,423915,37894328,66279656,physical,4,0:6:1:7,2,1,1,1,2910.42,1
sync,uniform,0,4,0,0,0.501547,0,1477,2944.89,0,0,0,0,0,1477,328344,415195,47925094,86430689,physical,4,0:6:1:7,3,1,1,1,2944.89,1
sync,uniform,0,8,0,0,0.503021,0,1494,2970.05,0,0,0,0,0,1494,325644,596156,78498437,167700098,physical,8,0:6:1:7:2:8:3:9,1,1,1,1,2970.05,1
sync,uniform,0,8,0,0,0.503124,0,1483,2947.58,0,0,0,0,0,1483,327293,7830801,77889180,154695077,physical,8,0:6:1:7:2:8:3:9,2,1,1,1,2947.58,1
sync,uniform,0,8,0,0,0.502715,0,1491,2965.9,0,0,0,0,0,1491,325413,422165,72793361,161294904,physical,8,0:6:1:7:2:8:3:9,3,1,1,1,2965.9,1
sync,uniform,0,12,0,0,0.50442,0,1485,2943.98,0,0,0,0,0,1485,327624,18423843,103060291,257998311,physical,12,0:6:1:7:2:8:3:9:4:10:5:11,1,1,1,1,2943.98,1
sync,uniform,0,12,0,0,0.504188,0,1499,2973.1,0,0,0,0,0,1499,324284,11995189,137411897,196006055,physical,12,0:6:1:7:2:8:3:9:4:10:5:11,2,1,1,1,2973.1,1
sync,uniform,0,12,0,0,0.504638,0,1467,2907.03,0,0,0,0,0,1467,330484,12463643,134527574,217601333,physical,12,0:6:1:7:2:8:3:9:4:10:5:11,3,1,1,1,2907.03,1
group,uniform,0,1,200,32,0.500327,0,827,1652.92,0,0,0,0,0,827,591696,627668,890350,1162674,physical,1,0,1,1,1,1,1652.92,1
group,uniform,0,1,200,32,0.500967,0,845,1686.74,0,0,0,0,0,845,586877,617077,722779,983051,physical,1,0,2,1,1,1,1686.74,1
group,uniform,0,1,200,32,0.500215,0,848,1695.27,0,0,0,0,0,848,584737,614037,647787,949181,physical,1,0,3,1,1,1,1695.27,1
group,uniform,0,2,200,32,0.500505,0,1667,3330.64,0,0,0,0,0,1667,587437,624328,944320,1307445,physical,2,0:6,1,1.98689,2,2,1676.31,1.98689
group,uniform,0,2,200,32,0.500149,0,1657,3313.01,0,0,0,0,0,1657,587986,637607,930551,1680020,physical,2,0:6,2,1.98681,2,2,1667.5,1.98681
group,uniform,0,2,200,32,0.500752,0,1661,3317.01,0,0,0,0,0,1661,587156,634707,941561,1231994,physical,2,0:6,3,1.98684,2,2,1669.49,1.98684
group,uniform,0,4,200,32,0.500689,0,3289,6568.95,0,0,0,0,0,3289,589847,640107,1183234,1264614,physical,4,0:6:1:7,1,3.91548,4,4,1677.69,3.91548
group,uniform,0,4,200,32,0.500379,0,3267,6529.05,0,0,0,0,0,3267,590426,644538,1180963,1728260,physical,4,0:6:1:7,2,3.89392,4,4,1676.73,3.89392
group,uniform,0,4,200,32,0.500515,0,3257,6507.29,0,0,0,0,0,3257,591617,641937,1215444,1823011,physical,4,0:6:1:7,3,3.88663,4,4,1674.27,3.88663
group,uniform,0,8,200,32,0.500538,0,6218,12422.6,0,0,0,0,0,6218,599847,1177974,1265585,2368777,physical,8,0:6:1:7:2:8:3:9,1,7.54612,8,8,1646.23,7.54612
group,uniform,0,8,200,32,0.500365,0,6311,12612.8,0,0,0,0,0,6311,592927,1163653,1239084,1875001,physical,8,0:6:1:7:2:8:3:9,2,7.55808,8,8,1668.78,7.55808
group,uniform,0,8,200,32,0.500402,0,6309,12607.9,0,0,0,0,0,6309,592656,1169743,1239125,1804301,physical,8,0:6:1:7:2:8:3:9,3,7.56475,8,8,1666.66,7.56475
group,uniform,0,12,200,32,0.501979,0,9004,17937,0,0,0,0,0,9004,600047,1203854,1773541,2391198,physical,12,0:6:1:7:2:8:3:9:4:10:5:11,1,10.9139,12,12,1643.5,10.9139
group,uniform,0,12,200,32,0.50098,0,9002,17968.8,0,0,0,0,0,9002,601767,1201453,1347255,1972283,physical,12,0:6:1:7:2:8:3:9:4:10:5:11,2,11.0049,12,12,1632.8,11.0049
group,uniform,0,12,200,32,0.50041,0,8752,17489.6,0,0,0,0,0,8752,624268,1247395,1781261,2389748,physical,12,0:6:1:7:2:8:3:9:4:10:5:11,3,10.9263,12,12,1600.69,10.9263
group,uniform,0,24,200,32,0.502543,0,15548,30938.6,0,0,0,0,0,15548,639597,1332466,1983103,3138367,smt,12,0:6:1:7:2:8:3:9:4:10:5:11:12:18:13:19:14:20:15:21:16:22:17:23,1,19.756,22,23,1566.03,19.756
group,uniform,0,24,200,32,0.501232,0,15510,30943.8,0,0,0,0,0,15510,639167,1332195,1983893,3234348,smt,12,0:6:1:7:2:8:3:9:4:10:5:11:12:18:13:19:14:20:15:21:16:22:17:23,2,19.758,22,23,1566.14,19.758
group,uniform,0,24,200,32,0.50203,0,15612,31097.7,0,0,0,0,0,15612,630527,1325986,1990733,3176907,smt,12,0:6:1:7:2:8:3:9:4:10:5:11:12:18:13:19:14:20:15:21:16:22:17:23,3,19.737,22,23,1575.6,19.737
memory,hot-shard,0,1,0,0,0.500391,0,6905454,1.38001e+07,0,0,0,0,0,215796,90,120,140,160,physical,1,0,1,,,,,
memory,hot-shard,0,1,0,0,0.500415,0,6872258,1.37331e+07,0,0,0,0,0,214759,90,120,140,250,physical,1,0,2,,,,,
memory,hot-shard,0,1,0,0,0.500445,0,6921724,1.38311e+07,0,0,0,0,0,216304,90,120,140,190,physical,1,0,3,,,,,
memory,hot-shard,0,2,0,0,0.500112,0,1219394,2.43824e+06,0,0,0,0,0,38107,330,2290,6850,10920,physical,2,0:6,1,,,,,
memory,hot-shard,0,2,0,0,0.500474,0,1211817,2.42134e+06,0,0,0,0,0,37870,330,2350,6880,11200,physical,2,0:6,2,,,,,
memory,hot-shard,0,2,0,0,0.500458,0,1242631,2.48299e+06,0,0,0,0,0,38833,320,2210,7070,11770,physical,2,0:6,3,,,,,
memory,hot-shard,0,4,0,0,0.500498,0,1300601,2.59861e+06,0,0,0,0,0,40645,890,6830,11510,17620,physical,4,0:6:1:7,1,,,,,
memory,hot-shard,0,4,0,0,0.500145,0,1301359,2.60196e+06,0,0,0,0,0,40670,890,6770,11620,18640,physical,4,0:6:1:7,2,,,,,
memory,hot-shard,0,4,0,0,0.500233,0,1307128,2.61304e+06,0,0,0,0,0,40850,890,6790,11410,18231,physical,4,0:6:1:7,3,,,,,
memory,hot-shard,0,8,0,0,0.500177,0,1244750,2.48862e+06,0,0,0,0,0,38902,2070,12120,19550,30361,physical,8,0:6:1:7:2:8:3:9,1,,,,,
memory,hot-shard,0,8,0,0,0.50017,0,1246545,2.49224e+06,0,0,0,0,0,38959,2090,11950,19011,29211,physical,8,0:6:1:7:2:8:3:9,2,,,,,
memory,hot-shard,0,8,0,0,0.500201,0,1245287,2.48957e+06,0,0,0,0,0,38920,2110,11950,19750,32750,physical,8,0:6:1:7:2:8:3:9,3,,,,,
memory,hot-shard,0,12,0,0,0.500201,0,1234845,2.4687e+06,0,0,0,0,0,38595,3410,17180,27750,43110,physical,12,0:6:1:7:2:8:3:9:4:10:5:11,1,,,,,
memory,hot-shard,0,12,0,0,0.500233,0,1234367,2.46759e+06,0,0,0,0,0,38580,3370,17260,27351,45010,physical,12,0:6:1:7:2:8:3:9:4:10:5:11,2,,,,,
memory,hot-shard,0,12,0,0,0.500209,0,1233425,2.46582e+06,0,0,0,0,0,38550,3380,17330,26561,42590,physical,12,0:6:1:7:2:8:3:9:4:10:5:11,3,,,,,
buffered,hot-shard,0,1,0,0,0.500493,0,348237,695788,0,0,0,0,0,43530,1420,1480,3190,5650,physical,1,0,1,0,0,0,0,0
buffered,hot-shard,0,1,0,0,0.500148,0,349523,698839,0,0,0,0,0,43691,1420,1500,3230,5480,physical,1,0,2,0,0,0,0,0
buffered,hot-shard,0,1,0,0,0.500122,0,359623,719071,0,0,0,0,0,44953,1380,1430,3140,5550,physical,1,0,3,0,0,0,0,0
buffered,hot-shard,0,2,0,0,0.50048,0,217055,433693,0,0,0,0,0,27133,2070,22801,52840,96631,physical,2,0:6,1,0,0,0,0,0
buffered,hot-shard,0,2,0,0,0.500555,0,217446,434409,0,0,0,0,0,27181,2080,23210,54650,103741,physical,2,0:6,2,0,0,0,0,0
buffered,hot-shard,0,2,0,0,0.500368,0,217415,434510,0,0,0,0,0,27177,2070,22741,54531,112712,physical,2,0:6,3,0,0,0,0,0
buffered,hot-shard,0,4,0,0,0.50016,0,208429,416725,0,0,0,0,0,26056,2490,24091,184643,256303,physical,4,0:6:1:7,1,0,0,0,0,0
buffered,hot-shard,0,4,0,0,0.500155,0,207672,415215,0,0,0,0,0,25960,2500,24560,200142,257873,physical,4,0:6:1:7,2,0,0,0,0,0
buffered,hot-shard,0,4,0,0,0.500141,0,208271,416424,0,0,0,0,0,26036,2491,25431,186872,280613,physical,4,0:6:1:7,3,0,0,0,0,0
buffered,hot-shard,0,8,0,0,0.500228,0,196949,393718,0,0,0,0,0,24622,2750,118972,282173,482446,physical,8,0:6:1:7:2:8:3:9,1,0,0,0,0,0
buffered,hot-shard,0,8,0,0,0.500193,0,201221,402286,0,0,0,0,0,25158,2570,95711,385925,1055022,physical,8,0:6:1:7:2:8:3:9,2,0,0,0,0,0
buffered,hot-shard,0,8,0,0,0.500156,0,196716,393309,0,0,0,0,0,24593,2760,113652,276293,465915,physical,8,0:6:1:7:2:8:3:9,3,0,0,0,0,0
buffered,hot-shard,0,12,0,0,0.500328,0,195824,391391,0,0,0,0,0,24484,2760,192863,396865,660628,physical,12,0:6:1:7:2:8:3:9:4:10:5:11,1,0,0,0,0,0
buffered,hot-shard,0,12,0,0,0.500196,0,196056,391958,0,0,0,0,0,24512,2760,196162,371804,652038,physical,12,0:6:1:7:2:8:3:9:4:10:5:11,2,0,0,0,0,0
buffered,hot-shard,0,12,0,0,0.500223,0,195810,391445,0,0,0,0,0,24482,2760,198552,377015,667258,physical,12,0:6:1:7:2:8:3:9:4:10:5:11,3,0,0,0,0,0
sync,hot-shard,0,1,0,0,0.500511,0,1531,3058.87,0,0,0,0,0,1531,320744,350784,373235,765929,physical,1,0,1,1,1,1,3058.87,1
sync,hot-shard,0,1,0,0,0.500551,0,1530,3056.63,0,0,0,0,0,1530,319854,350834,413755,887050,physical,1,0,2,1,1,1,3056.63,1
sync,hot-shard,0,1,0,0,0.500495,0,1537,3070.96,0,0,0,0,0,1537,320194,351764,373265,682008,physical,1,0,3,1,1,1,3070.96,1
sync,hot-shard,0,2,0,0,0.500986,0,1511,3016.05,0,0,0,0,0,1511,324194,367984,426455,169453098,physical,2,0:6,1,1,1,1,3016.05,1
sync,hot-shard,0,2,0,0,0.501159,0,1512,3017.01,0,0,0,0,0,1512,323674,369914,427495,162184083,physical,2,0:6,2,1,1,1,3017.01,1
sync,hot-shard,0,2,0,0,0.501247,0,1509,3010.49,0,0,0,0,0,1509,324153,367994,419575,169019073,physical,2,0:6,3,1,1,1,3010.49,1
sync,hot-shard,0,4,0,0,0.501722,0,1477,2943.86,0,0,0,0,0,1477,329153,370144,419554,500623464,physical,4,0:6:1:7,1,1,1,1,2943.86,1
sync,hot-shard,0,4,0,0,0.501777,0,1504,2997.35,0,0,0,0,0,1504,326354,373665,422685,341605806,physical,4,0:6:1:7,2,1,1,1,2997.35,1
sync,hot-shard,0,4,0,0,0.501834,0,1531,3050.81,0,0,0,0,0,1531,321433,367254,378804,333548224,physical,4,0:6:1:7,3,1,1,1,3050.81,1
sync,hot-shard,0,8,0,0,0.503119,0,1528,3037.06,0,0,0,0,0,1528,322283,365725,411515,502416854,physical,8,0:6:1:7:2:8:3:9,1,1,1,1,3037.06,1
sync,hot-shard,0,8,0,0,0.502867,0,1547,3076.36,0,0,0,0,0,1547,320353,354194,412764,501716746,physical,8,0:6:1:7:2:8:3:9,2,1,1,1,3076.36,1
sync,hot-shard,0,8,0,0,0.503069,0,1535,3051.27,0,0,0,0,0,1535,322524,355754,374484,502597526,physical,8,0:6:1:7:2:8:3:9,3,1,1,1,3051.27,1
sync,hot-shard,0,12,0,0,0.504497,0,1554,3080.3,0,0,0,0,0,1554,320163,353525,417605,503866211,physical,12,0:6:1:7:2:8:3:9:4:10:5:11,1,1,1,1,3080.3,1
sync,hot-shard,0,12,0,0,0.505035,0,1537,3043.35,0,0,0,0,0,1537,321334,368015,604397,503959572,physical,12,0:6:1:7:2:8:3:9:4:10:5:11,2,1,1,1,3043.35,1
sync,hot-shard,0,12,0,0,0.504479,0,1511,2995.17,0,0,0,0,0,1511,324474,365424,520476,503411896,physical,12,0:6:1:7:2:8:3:9:4:10:5:11,3,1,1,1,2995.17,1
group,hot-shard,0,1,200,32,0.500764,0,848,1693.41,0,0,0,0,0,848,583797,616417,683418,973592,physical,1,0,1,1,1,1,1693.41,1
group,hot-shard,0,1,200,32,0.500649,0,850,1697.79,0,0,0,0,0,850,583407,613637,676607,980902,physical,1,0,2,1,1,1,1697.79,1
group,hot-shard,0,1,200,32,0.500937,0,850,1696.82,0,0,0,0,0,850,584606,614058,633628,918821,physical,1,0,3,1,1,1,1696.82,1
group,hot-shard,0,2,200,32,0.500937,0,842,1680.85,0,0,0,0,0,842,588767,621117,909101,303465006,physical,2,0:6,1,1,1,1,1680.85,1
group,hot-shard,0,2,200,32,0.501122,0,841,1678.24,0,0,0,0,0,841,590477,620847,738168,305803653,physical,2,0:6,2,1,1,1,1678.24,1
group,hot-shard,0,2,200,32,0.501074,0,842,1680.39,0,0,0,0,0,842,592267,622337,668647,307965408,physical,2,0:6,3,1,1,1,1680.39,1
group,hot-shard,0,4,200,32,0.502297,0,850,1692.23,0,0,0,0,0,850,587947,617937,636728,501947359,physical,4,0:6:1:7,1,1,1,1,1692.23,1
group,hot-shard,0,4,200,32,0.502166,0,845,1682.71,0,0,0,0,0,845,591467,620727,636387,502084741,physical,4,0:6:1:7,2,1,1,1,1682.71,1
group,hot-shard,0,4,200,32,0.502246,0,849,1690.41,0,0,0,0,0,849,589327,618917,629267,501887288,physical,4,0:6:1:7,3,1,1,1,1690.41,1
group,hot-shard,0,8,200,32,0.504782,0,848,1679.93,0,0,0,0,0,848,591087,622277,823980,504672810,physical,8,0:6:1:7:2:8:3:9,1,1,1,1,1679.93,1
group,hot-shard,0,8,200,32,0.50482,0,852,1687.73,0,0,0,0,0,852,589427,621497,846700,504694960,physical,8,0:6:1:7:2:8:3:9,2,1,1,1,1687.73,1
group,hot-shard,0,8,200,32,0.504637,0,850,1684.38,0,0,0,0,0,850,589297,620347,816780,504370297,physical,8,0:6:1:7:2:8:3:9,3,1,1,1,1684.38,1
group,hot-shard,0,12,200,32,0.507339,0,853,1681.32,0,0,0,0,0,853,591067,622567,502289343,507175899,physical,12,0:6:1:7:2:8:3:9:4:10:5:11,1,1,1,1,1681.32,1
group,hot-shard,0,12,200,32,0.507666,0,844,1662.51,0,0,0,0,0,844,592326,627308,502350913,507562233,physical,12,0:6:1:7:2:8:3:9:4:10:5:11,2,1,1,1,1662.51,1
group,hot-shard,0,12,200,32,0.507364,0,830,1635.9,0,0,0,0,0,830,602137,631508,502100430,507107438,physical,12,0:6:1:7:2:8:3:9:4:10:5:11,3,1,1,1,1635.9,1
memory,single-key,0,1,0,0,0.500399,0,16243672,3.24614e+07,0,0,0,0,0,507615,50,50,50,70,physical,1,0,1,,,,,
memory,single-key,0,1,0,0,0.500452,0,16333016,3.26365e+07,0,0,0,0,0,510407,50,50,50,70,physical,1,0,2,,,,,
memory,single-key,0,1,0,0,0.500462,0,16306742,3.25834e+07,0,0,0,0,0,509586,50,50,50,70,physical,1,0,3,,,,,
memory,single-key,0,2,0,0,0.500446,0,3617700,7.22895e+06,0,0,0,0,0,113054,50,1630,2250,7170,physical,2,0:6,1,,,,,
memory,single-key,0,2,0,0,0.500455,0,3545887,7.08532e+06,0,0,0,0,0,110810,50,1650,2290,7210,physical,2,0:6,2,,,,,
memory,single-key,0,2,0,0,0.500463,0,4297389,8.58682e+06,0,0,0,0,0,134294,50,1690,2190,7320,physical,2,0:6,3,,,,,
memory,single-key,0,4,0,0,0.500164,0,3617835,7.2333e+06,0,0,0,0,0,113059,60,2920,7461,12920,physical,4,0:6:1:7,1,,,,,
memory,single-key,0,4,0,0,0.500151,0,3671111,7.34e+06,0,0,0,0,0,114724,60,2850,7320,12790,physical,4,0:6:1:7,2,,,,,
memory,single-key,0,4,0,0,0.500148,0,3640928,7.2797e+06,0,0,0,0,0,113782,60,2880,7371,12651,physical,4,0:6:1:7,3,,,,,
memory,single-key,0,8,0,0,0.500225,0,2954537,5.90642e+06,0,0,0,0,0,92333,190,7830,13020,20420,physical,8,0:6:1:7:2:8:3:9,1,,,,,
memory,single-key,0,8,0,0,0.500125,0,2952007,5.90254e+06,0,0,0,0,0,92253,190,7800,12821,20830,physical,8,0:6:1:7:2:8:3:9,2,,,,,
memory,single-key,0,8,0,0,0.500157,0,3053133,6.10435e+06,0,0,0,0,0,95415,160,7680,12610,20470,physical,8,0:6:1:7:2:8:3:9,3,,,,,
memory,single-key,0,12,0,0,0.500238,0,3039115,6.07533e+06,0,0,0,0,0,94978,200,10610,17240,28000,physical,12,0:6:1:7:2:8:3:9:4:10:5:11,1,,,,,
memory,single-key,0,12,0,0,0.500194,0,3022928,6.04351e+06,0,0,0,0,0,94473,210,10670,17520,27390,physical,12,0:6:1:7:2:8:3:9:4:10:5:11,2,,,,,
memory,single-key,0,12,0,0,0.500201,0,3002568,6.00272e+06,0,0,0,0,0,93837,200,10750,17611,27690,physical,12,0:6:1:7:2:8:3:9:4:10:5:11,3,,,,,
buffered,single-key,0,1,0,0,0.500139,0,365853,731502,0,0,0,0,0,45732,1350,1410,3060,5231,physical,1,0,1,0,0,0,0,0
buffered,single-key,0,1,0,0,0.500148,0,381007,761788,0,0,0,0,0,47626,1290,1360,3000,5100,physical,1,0,2,0,0,0,0,0
buffered,single-key,0,1,0,0,0.50068,0,378197,755367,0,0,0,0,0,47275,1310,1361,2960,5110,physical,1,0,3,0,0,0,0,0
buffered,single-key,0,2,0,0,0.500724,0,245425,490140,0,0,0,0,0,30679,1800,18781,33700,54621,physical,2,0:6,1,0,0,0,0,0
buffered,single-key,0,2,0,0,0.500466,0,247498,494535,0,0,0,0,0,30938,1790,19181,33640,58750,physical,2,0:6,2,0,0,0,0,0
buffered,single-key,0,2,0,0,0.500438,0,242683,484941,0,0,0,0,0,30336,1830,19470,36380,55120,physical,2,0:6,3,0,0,0,0,0
buffered,single-key,0,4,0,0,0.500464,0,224961,449505,0,0,0,0,0,28122,2240,36231,153032,318123,physical,4,0:6:1:7,1,0,0,0,0,0
buffered,single-key,0,4,0,0,0.500119,0,225912,451716,0,0,0,0,0,28241,2220,35531,176092,342854,physical,4,0:6:1:7,2,0,0,0,0,0
buffered,single-key,0,4,0,0,0.500136,0,225810,451498,0,0,0,0,0,28228,2220,38160,182282,365654,physical,4,0:6:1:7,3,0,0,0,0,0
buffered,single-key,0,8,0,0,0.500216,0,245294,490376,0,0,0,0,0,30665,2220,40820,324854,1551028,physical,8,0:6:1:7:2:8:3:9,1,0,0,0,0,0
buffered,single-key,0,8,0,0,0.500187,0,242100,484019,0,0,0,0,0,30266,2260,53040,371204,1529188,physical,8,0:6:1:7:2:8:3:9,2,0,0,0,0,0
buffered,single-key,0,8,0,0,0.500178,0,243726,487278,0,0,0,0,0,30468,2230,43991,350194,1830191,physical,8,0:6:1:7:2:8:3:9,3,0,0,0,0,0
buffered,single-key,0,12,0,0,0.500234,0,240431,480637,0,0,0,0,0,30060,2230,110912,623037,1423976,physical,12,0:6:1:7:2:8:3:9:4:10:5:11,1,0,0,0,0,0
buffered,single-key,0,12,0,0,0.500213,0,237521,474840,0,0,0,0,0,29694,2260,111211,692168,1522938,physical,12,0:6:1:7:2:8:3:9:4:10:5:11,2,0,0,0,0,0
buffered,single-key,0,12,0,0,0.50021,0,240932,481662,0,0,0,0,0,30121,2220,107872,633868,1480367,physical,12,0:6:1:7:2:8:3:9:4:10:5:11,3,0,0,0,0,0
sync,single-key,0,1,0,0,0.500487,0,1538,3073.01,0,0,0,0,0,1538,316984,347744,412365,923751,physical,1,0,1,1,1,1,3073.01,1
sync,single-key,0,1,0,0,0.500546,0,1548,3092.62,0,0,0,0,0,1548,316203,346844,411235,816650,physical,1,0,2,1,1,1,3092.62,1
sync,single-key,0,1,0,0,0.500583,0,1544,3084.41,0,0,0,0,0,1544,316244,347034,501735,689647,physical,1,0,3,1,1,1,3084.41,1
sync,single-key,0,2,0,0,0.500547,0,1528,3052.66,0,0,0,0,0,1528,318934,364935,568877,167724947,physical,2,0:6,1,1,1,1,3052.66,1
sync,single-key,0,2,0,0,0.50068,0,1515,3025.88,0,0,0,0,0,1515,323144,370535,419845,162083533,physical,2,0:6,2,1,1,1,3025.88,1
sync,single-key,0,2,0,0,0.500811,0,1530,3055.05,0,0,0,0,0,1530,320614,367004,415025,167318683,physical,2,0:6,3,1,1,1,3055.05,1
sync,single-key,0,4,0,0,0.501299,0,1523,3038.11,0,0,0,0,0,1523,324104,363045,413224,500531783,physical,4,0:6:1:7,1,1,1,1,3038.11,1
sync,single-key,0,4,0,0,0.501435,0,1490,2971.47,0,0,0,0,0,1490,325914,366925,424575,349852762,physical,4,0:6:1:7,2,1,1,1,2971.47,1
sync,single-key,0,4,0,0,0.501589,0,1520,3030.37,0,0,0,0,0,1520,323264,367944,377385,339408891,physical,4,0:6:1:7,3,1,1,1,3030.37,1
sync,single-key,0,8,0,0,0.502864,0,1545,3072.4,0,0,0,0,0,1545,319774,362754,377254,501710096,physical,8,0:6:1:7:2:8:3:9,1,1,1,1,3072.4,1
sync,single-key,0,8,0,0,0.50292,0,1532,3046.21,0,0,0,0,0,1532,321513,368274,419925,502117871,physical,8,0:6:1:7:2:8:3:9,2,1,1,1,3046.21,1
sync,single-key,0,8,0,0,0.502945,0,1536,3054.01,0,0,0,0,0,1536,321864,367974,415225,502495555,physical,8,0:6:1:7:2:8:3:9,3,1,1,1,3054.01,1
sync,single-key,0,12,0,0,0.504389,0,1544,3061.13,0,0,0,0,0,1544,322133,353784,419865,503850991,physical,12,0:6:1:7:2:8:3:9:4:10:5:11,1,1,1,1,3061.13,1
sync,single-key,0,12,0,0,0.504627,0,1567,3105.27,0,0,0,0,0,1567,317183,349104,385655,504195305,physical,12,0:6:1:7:2:8:3:9:4:10:5:11,2,1,1,1,3105.27,1
sync,single-key,0,12,0,0,0.504624,0,1541,3053.76,0,0,0,0,0,1541,322514,355594,428045,504131334,physical,12,0:6:1:7:2:8:3:9:4:10:5:11,3,1,1,1,3053.76,1
group,single-key,0,1,200,32,0.500764,0,841,1679.43,0,0,0,0,0,841,589477,624967,645318,827450,physical,1,0,1,1,1,1,1679.43,1
group,single-key,0,1,200,32,0.500607,0,826,1650,0,0,0,0,0,826,614748,620877,655457,1128503,physical,1,0,2,1,1,1,1650,1
group,single-key,0,1,200,32,0.500299,0,841,1681,0,0,0,0,0,841,589477,620917,645327,976392,physical,1,0,3,1,1,1,1681,1
group,single-key,0,2,200,32,0.500966,0,839,1674.77,0,0,0,0,0,839,594537,623607,631747,305399678,physical,2,0:6,1,1,1,1,1674.77,1
group,single-key,0,2,200,32,0.501127,0,841,1678.22,0,0,0,0,0,841,594237,621697,629907,305205066,physical,2,0:6,2,1,1,1,1678.22,1
group,single-key,0,2,200,32,0.500761,0,836,1669.46,0,0,0,0,0,836,596447,624417,638077,309000930,physical,2,0:6,3,1,1,1,1669.46,1
group,single-key,0,4,200,32,0.502205,0,842,1676.61,0,0,0,0,0,842,592107,623297,631177,502119721,physical,4,0:6:1:7,1,1,1,1,1676.61,1
group,single-key,0,4,200,32,0.502237,0,842,1676.5,0,0,0,0,0,842,593847,624187,635198,502193901,physical,4,0:6:1:7,2,1,1,1,1676.5,1
group,single-key,0,4,200,32,0.502566,0,840,1671.42,0,0,0,0,0,840,595467,625777,631017,502522575,physical,4,0:6:1:7,3,1,1,1,1671.42,1
group,single-key,0,8,200,32,0.504576,0,846,1676.65,0,0,0,0,0,846,593807,622897,850760,504443658,physical,8,0:6:1:7:2:8:3:9,1,1,1,1,1676.65,1
group,single-key,0,8,200,32,0.504832,0,844,1671.84,0,0,0,0,0,844,594977,624078,672068,504717790,physical,8,0:6:1:7:2:8:3:9,2,1,1,1,1671.84,1
group,single-key,0,8,200,32,0.504733,0,844,1672.17,0,0,0,0,0,844,594887,624857,772359,504619600,physical,8,0:6:1:7:2:8:3:9,3,1,1,1,1672.17,1
group,single-key,0,12,200,32,0.507321,0,852,1679.41,0,0,0,0,0,852,592147,621968,502231032,507187629,physical,12,0:6:1:7:2:8:3:9:4:10:5:11,1,1,1,1,1679.41,1
group,single-key,0,12,200,32,0.50742,0,855,1685,0,0,0,0,0,855,590447,620097,501660397,507270272,physical,12,0:6:1:7:2:8:3:9:4:10:5:11,2,1,1,1,1685,1
group,single-key,0,12,200,32,0.507593,0,849,1672.6,0,0,0,0,0,849,594147,624678,501754557,507461782,physical,12,0:6:1:7:2:8:3:9:4:10:5:11,3,1,1,1,1672.6,1
memory,zipf,0,1,0,0,0.500654,0,8497344,1.69725e+07,0,0,0,0,0,265542,70,110,120,140,physical,1,0,1,,,,,
memory,zipf,0,1,0,0,0.500127,0,8426640,1.6849e+07,0,0,0,0,0,263333,70,110,120,200,physical,1,0,2,,,,,
memory,zipf,0,1,0,0,0.50014,0,8463694,1.69226e+07,0,0,0,0,0,264491,70,110,120,180,physical,1,0,3,,,,,
memory,zipf,0,2,0,0,0.500517,0,4952567,9.89491e+06,0,0,0,0,0,154769,210,400,1190,1640,physical,2,0:6,1,,,,,
memory,zipf,0,2,0,0,0.500455,0,4985385,9.96171e+06,0,0,0,0,0,155794,210,390,1180,1590,physical,2,0:6,2,,,,,
memory,zipf,0,2,0,0,0.500463,0,4956732,9.90429e+06,0,0,0,0,0,154899,210,400,1180,1590,physical,2,0:6,3,,,,,
memory,zipf,0,4,0,0,0.500161,0,7644809,1.52847e+07,0,0,0,0,0,238904,230,940,1380,5120,physical,4,0:6:1:7,1,,,,,
memory,zipf,0,4,0,0,0.500155,0,7665637,1.53265e+07,0,0,0,0,0,239553,230,940,1380,5020,physical,4,0:6:1:7,2,,,,,
memory,zipf,0,4,0,0,0.500143,0,7606852,1.52094e+07,0,0,0,0,0,237717,230,930,1390,5090,physical,4,0:6:1:7,3,,,,,
memory,zipf,0,8,0,0,0.50025,0,10618596,2.12266e+07,0,0,0,0,0,331834,260,1280,2780,7040,physical,8,0:6:1:7:2:8:3:9,1,,,,,
memory,zipf,0,8,0,0,0.500191,0,10576899,2.11457e+07,0,0,0,0,0,330531,260,1290,2870,7051,physical,8,0:6:1:7:2:8:3:9,2,,,,,
memory,zipf,0,8,0,0,0.500177,0,10630959,2.12544e+07,0,0,0,0,0,332221,260,1280,2780,7090,physical,8,0:6:1:7:2:8:3:9,3,,,,,
memory,zipf,0,12,0,0,0.50022,0,12645194,2.52792e+07,0,0,0,0,0,395167,260,1570,5290,9580,physical,12,0:6:1:7:2:8:3:9:4:10:5:11,1,,,,,
memory,zipf,0,12,0,0,0.500227,0,12614754,2.52181e+07,0,0,0,0,0,394217,260,1590,5290,9690,physical,12,0:6:1:7:2:8:3:9:4:10:5:11,2,,,,,
memory,zipf,0,12,0,0,0.500218,0,12631718,2.52524e+07,0,0,0,0,0,394747,260,1590,5270,9750,physical,12,0:6:1:7:2:8:3:9:4:10:5:11,3,,,,,
buffered,zipf,0,1,0,0,0.500393,0,351676,702799,0,0,0,0,0,43960,1410,1480,3210,5360,physical,1,0,1,0,0,0,0,0
buffered,zipf,0,1,0,0,0.500405,0,361665,722745,0,0,0,0,0,45209,1360,1460,3110,5320,physical,1,0,2,0,0,0,0,0
buffered,zipf,0,1,0,0,0.500452,0,365374,730088,0,0,0,0,0,45672,1360,1430,3090,5590,physical,1,0,3,0,0,0,0,0
buffered,zipf,0,2,0,0,0.500149,0,214882,429636,0,0,0,0,0,26862,2090,19001,36840,58460,physical,2,0:6,1,0,0,0,0,0
buffered,zipf,0,2,0,0,0.500454,0,215132,429874,0,0,0,0,0,26893,2080,18951,35211,60601,physical,2,0:6,2,0,0,0,0,0
buffered,zipf,0,2,0,0,0.50059,0,215141,429775,0,0,0,0,0,26894,2090,19600,37211,60791,physical,2,0:6,3,0,0,0,0,0
buffered,zipf,0,4,0,0,0.500445,0,231291,462170,0,0,0,0,0,28914,8380,23230,43121,71391,physical,4,0:6:1:7,1,0,0,0,0,0
buffered,zipf,0,4,0,0,0.500161,0,230814,461479,0,0,0,0,0,28854,8460,23200,41811,67270,physical,4,0:6:1:7,2,0,0,0,0,0
buffered,zipf,0,4,0,0,0.500139,0,231904,463679,0,0,0,0,0,28990,8411,23560,43050,68361,physical,4,0:6:1:7,3,0,0,0,0,0
buffered,zipf,0,8,0,0,0.500233,0,247397,494563,0,0,0,0,0,30928,12130,49731,78751,139311,physical,8,0:6:1:7:2:8:3:9,1,0,0,0,0,0
buffered,zipf,0,8,0,0,0.500195,0,248051,495909,0,0,0,0,0,31010,12060,49450,80681,143302,physical,8,0:6:1:7:2:8:3:9,2,0,0,0,0,0
buffered,zipf,0,8,0,0,0.500179,0,245943,491710,0,0,0,0,0,30745,12200,49920,80151,138872,physical,8,0:6:1:7:2:8:3:9,3,0,0,0,0,0
buffered,zipf,0,12,0,0,0.500216,0,229717,459236,0,0,0,0,0,28720,16540,91501,160322,308954,physical,12,0:6:1:7:2:8:3:9:4:10:5:11,1,0,0,0,0,0
buffered,zipf,0,12,0,0,0.500202,0,229225,458265,0,0,0,0,0,28659,16520,94701,161662,281573,physical,12,0:6:1:7:2:8:3:9:4:10:5:11,2,0,0,0,0,0
buffered,zipf,0,12,0,0,0.50173,0,227102,452638,0,0,0,0,0,28393,16340,93001,160771,293473,physical,12,0:6:1:7:2:8:3:9:4:10:5:11,3,0,0,0,0,0
sync,zipf,0,1,0,0,0.500682,0,1510,3015.89,0,0,0,0,0,1510,318864,352395,410325,656317,physical,1,0,1,1,1,1,3015.89,1
sync,zipf,0,1,0,0,0.500479,0,1518,3033.1,0,0,0,0,0,1518,322134,353844,412215,647547,physical,1,0,2,1,1,1,3033.1,1
sync,zipf,0,1,0,0,0.500501,0,1554,3104.89,0,0,0,0,0,1554,317403,347654,369034,520956,physical,1,0,3,1,1,1,3104.89,1
sync,zipf,0,2,0,0,0.500849,0,1492,2978.94,0,0,0,0,0,1492,325084,405995,11374012,55002266,physical,2,0:6,1,1,1,1,2978.94,1
sync,zipf,0,2,0,0,0.500752,0,1516,3027.45,0,0,0,0,0,1516,321914,394275,9163746,36722305,physical,2,0:6,2,1,1,1,3027.45,1
sync,zipf,0,2,0,0,0.500792,0,1505,3005.24,0,0,0,0,0,1505,323094,374725,9364568,53905033,physical,2,0:6,3,1,1,1,3005.24,1
sync,zipf,0,4,0,0,0.501327,0,1499,2990.06,0,0,0,0,0,1499,325504,3690032,30481242,47151425,physical,4,0:6:1:7,1,1,1,1,2990.06,1
sync,zipf,0,4,0,0,0.501131,0,1493,2979.26,0,0,0,0,0,1493,326624,9404819,16563572,26274554,physical,4,0:6:1:7,2,1,1,1,2979.26,1
sync,zipf,0,4,0,0,0.501459,0,1452,2895.55,0,0,0,0,0,1452,349314,9817303,15565389,27194234,physical,4,0:6:1:7,3,1,1,1,2895.55,1
sync,zipf,0,8,0,0,0.502975,0,1476,2934.54,0,0,0,0,0,1476,329584,20398375,35082906,45392805,physical,8,0:6:1:7:2:8:3:9,1,1,1,1,2934.54,1
sync,zipf,0,8,0,0,0.502873,0,1515,3012.69,0,0,0,0,0,1515,320653,16699093,51188801,97745109,physical,8,0:6:1:7:2:8:3:9,2,1,1,1,3012.69,1
sync,zipf,0,8,0,0,0.502618,0,1482,2948.56,0,0,0,0,0,1482,327053,20104052,33783570,46929632,physical,8,0:6:1:7:2:8:3:9,3,1,1,1,2948.56,1
sync,zipf,0,12,0,0,0.504587,0,1468,2909.31,0,0,0,0,0,1468,330294,33909432,48808884,84878200,physical,12,0:6:1:7:2:8:3:9:4:10:5:11,1,1,1,1,2909.31,1
sync,zipf,0,12,0,0,0.504552,0,1474,2921.4,0,0,0,0,0,1474,328934,30958308,52002751,84122121,physical,12,0:6:1:7:2:8:3:9:4:10:5:11,2,1,1,1,2921.4,1
sync,zipf,0,12,0,0,0.504751,0,1489,2949.97,0,0,0,0,0,1489,326713,32392014,50105938,90939980,physical,12,0:6:1:7:2:8:3:9:4:10:5:11,3,1,1,1,2949.97,1
group,zipf,0,1,200,32,0.500615,0,848,1693.92,0,0,0,0,0,848,586177,617617,645067,1027112,physical,1,0,1,1,1,1,1693.92,1
group,zipf,0,1,200,32,0.500723,0,846,1689.56,0,0,0,0,0,846,587087,617448,637338,925751,physical,1,0,2,1,1,1,1689.56,1
group,zipf,0,1,200,32,0.500386,0,822,1642.73,0,0,0,0,0,822,614238,619828,917171,971961,physical,1,0,3,1,1,1,1642.73,1
group,zipf,0,2,200,32,0.500646,0,1628,3251.8,0,0,0,0,0,1628,593837,641537,1184874,1558468,physical,2,0:6,1,1.96618,2,2,1653.86,1.96618
group,zipf,0,2,200,32,0.50036,0,1634,3265.65,0,0,0,0,0,1634,592877,642118,1184884,1808841,physical,2,0:6,2,1.97105,2,2,1656.81,1.97105
group,zipf,0,2,200,32,0.500802,0,1636,3266.76,0,0,0,0,0,1636,591636,640797,1181804,1793941,physical,2,0:6,3,1.96871,2,2,1659.34,1.96871
group,zipf,0,4,200,32,0.500796,0,3168,6325.93,0,0,0,0,0,3168,595277,686838,1245144,2396208,physical,4,0:6:1:7,1,3.80312,4,4,1663.35,3.80312
group,zipf,0,4,200,32,0.500606,0,3166,6324.34,0,0,0,0,0,3166,595377,664118,1247554,2381828,physical,4,0:6:1:7,2,3.80529,4,4,1661.99,3.80529
group,zipf,0,4,200,32,0.500461,0,3162,6318.18,0,0,0,0,0,3162,594726,690808,1239924,2357137,physical,4,0:6:1:7,3,3.80048,4,4,1662.47,3.80048
group,zipf,0,8,200,32,0.501578,0,5706,11376.1,0,0,0,0,0,5706,598757,1227844,2388487,4752935,physical,8,0:6:1:7:2:8:3:9,1,6.8747,8,8,1654.78,6.8747
group,zipf,0,8,200,32,0.501339,0,5712,11393.5,0,0,0,0,0,5712,598897,1224194,2388337,5353591,physical,8,0:6:1:7:2:8:3:9,2,6.89855,8,8,1651.58,6.89855
group,zipf,0,8,200,32,0.50054,0,5755,11497.6,0,0,0,0,0,5755,598777,1225974,2386068,3763883,physical,8,0:6:1:7:2:8:3:9,3,6.95048,8,8,1654.21,6.95048
group,zipf,0,12,200,32,0.501386,0,7067,14094.9,0,0,0,0,0,7067,603507,2386528,4354070,7946052,physical,12,0:6:1:7:2:8:3:9:4:10:5:11,1,8.59732,11,12,1639.45,8.59732
group,zipf,0,12,200,32,0.504015,0,7170,14225.8,0,0,0,0,0,7170,598857,2372687,4195159,7750000,physical,12,0:6:1:7:2:8:3:9:4:10:5:11,2,8.61779,11,12,1650.75,8.61779
group,zipf,0,12,200,32,0.503294,0,7062,14031.6,0,0,0,0,0,7062,601057,2386418,4860746,8751531,physical,12,0:6:1:7:2:8:3:9:4:10:5:11,3,8.52899,11,12,1645.16,8.52899
memory,uniform,95,1,0,0,0.500545,6705055,340406,1.40756e+07,210073,80,110,120,140,10098,90,120,140,160,physical,1,0,1,,,,,
memory,uniform,95,1,0,0,0.500109,6709044,340590,1.40962e+07,210199,80,110,120,150,10103,90,130,160,230,physical,1,0,2,,,,,
memory,uniform,95,1,0,0,0.500437,6746847,342467,1.41663e+07,211372,80,110,120,150,10170,90,130,150,220,physical,1,0,3,,,,,
memory,uniform,95,2,0,0,0.50066,7844855,410444,1.64888e+07,246956,140,220,280,800,11023,230,330,930,1300,physical,2,0:6,1,,,,,
memory,uniform,95,2,0,0,0.50017,7845273,410463,1.65058e+07,246970,140,220,280,800,11023,240,330,940,1220,physical,2,0:6,2,,,,,
memory,uniform,95,2,0,0,0.500471,7850751,410799,1.65076e+07,247142,140,220,280,800,11032,240,340,970,1320,physical,2,0:6,3,,,,,
memory,uniform,95,4,0,0,0.500171,13986450,737037,2.94369e+07,439327,150,240,330,890,20784,250,830,1170,3910,physical,4,0:6:1:7,1,,,,,
memory,uniform,95,4,0,0,0.500249,13971214,736103,2.94e+07,438826,150,240,330,890,20780,250,790,1110,3900,physical,4,0:6:1:7,2,,,,,
memory,uniform,95,4,0,0,0.500146,13842247,729296,2.91346e+07,434763,150,240,330,890,20600,250,810,1070,3850,physical,4,0:6:1:7,3,,,,,
memory,uniform,95,8,0,0,0.500177,23893826,1255938,5.02818e+07,745988,160,290,550,4450,39947,270,1001,3120,9140,physical,8,0:6:1:7:2:8:3:9,1,,,,,
memory,uniform,95,8,0,0,0.500165,23814613,1251759,5.01162e+07,743525,160,290,560,4500,39803,270,1010,3070,9250,physical,8,0:6:1:7:2:8:3:9,2,,,,,
memory,uniform,95,8,0,0,0.500167,23852770,1253779,5.01963e+07,744707,160,290,550,4310,39876,270,1000,3060,9140,physical,8,0:6:1:7:2:8:3:9,3,,,,,
memory,uniform,95,12,0,0,0.500256,31015419,1635051,6.52675e+07,969039,160,310,780,6460,51294,280,1370,6510,11720,physical,12,0:6:1:7:2:8:3:9:4:10:5:11,1,,,,,
memory,uniform,95,12,0,0,0.500226,31081439,1638537,6.54104e+07,971099,160,310,790,6310,51405,280,1370,6400,11510,physical,12,0:6:1:7:2:8:3:9:4:10:5:11,2,,,,,
memory,uniform,95,12,0,0,0.500214,31152599,1642297,6.55618e+07,973332,160,310,780,6290,51514,280,1370,6570,11650,physical,12,0:6:1:7:2:8:3:9:4:10:5:11,3,,,,,
memory,zipf,95,1,0,0,0.500137,7996535,405916,1.68003e+07,250526,70,100,120,140,12051,80,120,140,150,physical,1,0,1,,,,,
memory,zipf,95,1,0,0,0.500612,8059865,409131,1.69173e+07,252511,70,100,120,160,12146,80,120,140,240,physical,1,0,2,,,,,
memory,zipf,95,1,0,0,0.500614,8047572,408505,1.68914e+07,252122,70,100,120,130,12131,80,120,140,150,physical,1,0,3,,,,,
memory,zipf,95,2,0,0,0.500464,8333370,435950,1.75224e+07,262324,130,220,300,850,11718,230,430,960,1630,physical,2,0:6,1,,,,,
memory,zipf,95,2,0,0,0.500439,8357769,437206,1.75745e+07,263099,130,220,310,840,11745,230,530,980,2880,physical,2,0:6,2,,,,,
memory,zipf,95,2,0,0,0.500392,8367086,437750,1.75959e+07,263400,130,220,300,850,11752,230,480,980,3120,physical,2,0:6,3,,,,,
memory,zipf,95,4,0,0,0.500222,13429133,707514,2.82608e+07,421801,130,240,470,5360,19971,250,940,3250,10530,physical,4,0:6:1:7,1,,,,,
memory,zipf,95,4,0,0,0.500146,13384098,705076,2.81701e+07,420384,130,240,450,5370,19904,250,950,3380,9900,physical,4,0:6:1:7,2,,,,,
memory,zipf,95,4,0,0,0.500152,13452085,708763,2.83131e+07,422521,130,240,460,5220,20008,250,960,5640,10780,physical,4,0:6:1:7,3,,,,,
memory,zipf,95,8,0,0,0.500169,15545865,817163,3.2715e+07,485347,140,330,4010,8550,26001,270,6520,14620,35170,physical,8,0:6:1:7:2:8:3:9,1,,,,,
memory,zipf,95,8,0,0,0.500177,15417748,810374,3.24447e+07,481354,140,330,4190,8601,25779,270,6450,15240,36770,physical,8,0:6:1:7:2:8:3:9,2,,,,,
memory,zipf,95,8,0,0,0.500189,15451996,812220,3.25161e+07,482416,150,330,4340,8531,25844,270,6210,13920,34050,physical,8,0:6:1:7:2:8:3:9,3,,,,,
memory,zipf,95,12,0,0,0.500232,14436504,761063,3.0381e+07,451048,150,430,7530,9521,23880,270,11480,47911,106171,physical,12,0:6:1:7:2:8:3:9:4:10:5:11,1,,,,,
memory,zipf,95,12,0,0,0.500267,14439418,761269,3.03851e+07,451146,150,430,7470,9460,23881,270,11550,47821,107821,physical,12,0:6:1:7:2:8:3:9:4:10:5:11,2,,,,,
memory,zipf,95,12,0,0,0.500189,14427394,760532,3.03643e+07,450761,150,430,7480,9440,23868,270,11260,47271,122162,physical,12,0:6:1:7:2:8:3:9:4:10:5:11,3,,,,,
memory,uniform,90,1,0,0,0.500397,6318827,695976,1.40185e+07,198872,80,110,120,140,20341,90,130,140,150,physical,1,0,1,,,,,
memory,uniform,90,1,0,0,0.500134,6242786,687587,1.3857e+07,196492,80,110,120,170,20083,90,130,150,280,physical,1,0,2,,,,,
memory,uniform,90,1,0,0,0.500412,6224529,685620,1.38089e+07,195916,80,110,130,160,20027,90,130,150,300,physical,1,0,3,,,,,
memory,uniform,90,2,0,0,0.500153,6903653,769056,1.53407e+07,218407,150,230,300,850,21366,240,340,940,1370,physical,2,0:6,1,,,,,
memory,uniform,90,2,0,0,0.500473,6931648,772162,1.53931e+07,219268,150,230,300,850,21477,240,340,930,1310,physical,2,0:6,2,,,,,
memory,uniform,90,2,0,0,0.500644,6916567,770531,1.53544e+07,218818,150,230,300,860,21405,240,340,950,1360,physical,2,0:6,3,,,,,
memory,uniform,90,4,0,0,0.50014,12082626,1348328,2.68544e+07,380827,150,250,430,980,38892,250,810,1220,6080,physical,4,0:6:1:7,1,,,,,
memory,uniform,90,4,0,0,0.500155,12066039,1346395,2.68166e+07,380287,150,250,420,970,38853,250,810,1220,6120,physical,4,0:6:1:7,2,,,,,
memory,uniform,90,4,0,0,0.500144,12075688,1347544,2.68388e+07,380604,150,250,410,960,38874,251,820,1200,5980,physical,4,0:6:1:7,3,,,,,
memory,uniform,90,8,0,0,0.500177,19590850,2182846,4.3532e+07,612271,160,300,800,5940,68162,270,1010,3280,10270,physical,8,0:6:1:7:2:8:3:9,1,,,,,
memory,uniform,90,8,0,0,0.500162,19498839,2172774,4.33292e+07,609380,160,300,800,6020,67862,270,1020,3240,10170,physical,8,0:6:1:7:2:8:3:9,2,,,,,
memory,uniform,90,8,0,0,0.500203,19507182,2173668,4.33441e+07,609632,160,300,800,5980,67899,270,1010,3271,9970,physical,8,0:6:1:7:2:8:3:9,3,,,,,
memory,uniform,90,12,0,0,0.500214,24166470,2693564,5.36971e+07,755241,160,330,930,7080,84142,280,1390,7650,16820,physical,12,0:6:1:7:2:8:3:9:4:10:5:11,1,,,,,
memory,uniform,90,12,0,0,0.500202,24251596,2702861,5.38872e+07,757887,160,330,930,7180,84444,280,1380,7840,16520,physical,12,0:6:1:7:2:8:3:9:4:10:5:11,2,,,,,
memory,uniform,90,12,0,0,0.500244,24042355,2679623,5.34179e+07,751368,170,330,930,7080,83700,280,1390,7880,17020,physical,12,0:6:1:7:2:8:3:9:4:10:5:11,3,,,,,
memory,zipf,90,1,0,0,0.500465,7326388,806953,1.62516e+07,230582,70,110,120,150,23585,80,120,140,220,physical,1,0,1,,,,,
memory,zipf,90,1,0,0,0.500119,7507263,826856,1.66643e+07,236273,70,100,120,140,24169,80,120,140,150,physical,1,0,2,,,,,
memory,zipf,90,1,0,0,0.500118,7472601,823080,1.65875e+07,235198,70,110,120,150,24043,80,120,140,220,physical,1,0,3,,,,,
memory,zipf,90,2,0,0,0.500452,7190852,801014,1.59693e+07,227482,130,230,320,890,22265,230,470,980,2110,physical,2,0:6,1,,,,,
memory,zipf,90,2,0,0,0.500519,7196106,801647,1.59789e+07,227655,130,230,320,890,22276,230,470,970,1560,physical,2,0:6,2,,,,,
memory,zipf,90,2,0,0,0.500462,7154105,796945,1.58874e+07,226310,140,231,320,900,22161,230,490,990,3020,physical,2,0:6,3,,,,,
memory,zipf,90,4,0,0,0.500144,10258254,1144782,2.27995e+07,323329,140,260,790,6940,33018,250,990,7070,14520,physical,4,0:6:1:7,1,,,,,
memory,zipf,90,4,0,0,0.500127,10278035,1146905,2.28441e+07,323950,140,260,790,6910,33081,250,980,7190,14280,physical,4,0:6:1:7,2,,,,,
memory,zipf,90,4,0,0,0.500142,10266055,1145549,2.28167e+07,323583,140,260,790,6860,33031,250,980,7100,13841,physical,4,0:6:1:7,3,,,,,
memory,zipf,90,8,0,0,0.500181,9682132,1078870,2.15142e+07,302605,150,380,6630,8890,33679,260,8291,27131,62161,physical,8,0:6:1:7:2:8:3:9,1,,,,,
memory,zipf,90,8,0,0,0.500166,9686868,1079256,2.15251e+07,302734,150,370,6590,8910,33710,260,8430,26040,60701,physical,8,0:6:1:7:2:8:3:9,2,,,,,
memory,zipf,90,8,0,0,0.5002,9558957,1065171,2.12398e+07,298721,150,380,6720,8910,33286,260,8430,27320,61651,physical,8,0:6:1:7:2:8:3:9,3,,,,,
memory,zipf,90,12,0,0,0.50021,9288320,1035178,2.06383e+07,290287,150,470,7210,9160,32328,270,13700,73271,160792,physical,12,0:6:1:7:2:8:3:9:4:10:5:11,1,,,,,
memory,zipf,90,12,0,0,0.500267,9223178,1027898,2.04912e+07,288254,150,460,7210,9160,32099,270,12610,73821,155812,physical,12,0:6:1:7:2:8:3:9:4:10:5:11,2,,,,,
memory,zipf,90,12,0,0,0.500221,9278255,1033980,2.06153e+07,289961,150,470,7210,9180,32302,270,12300,72871,159641,physical,12,0:6:1:7:2:8:3:9:4:10:5:11,3,,,,,
memory,uniform,70,1,0,0,0.500397,4586649,1931758,1.30265e+07,143540,90,120,130,160,60161,90,130,140,270,physical,1,0,1,,,,,
memory,uniform,70,1,0,0,0.50039,4605587,1939628,1.30802e+07,144122,90,120,130,150,60416,90,130,140,230,physical,1,0,2,,,,,
memory,uniform,70,1,0,0,0.500557,4626627,1948557,1.31357e+07,144774,90,120,130,150,60701,90,130,150,240,physical,1,0,3,,,,,
memory,uniform,70,2,0,0,0.500599,4372956,1864144,1.24593e+07,137195,160,260,370,930,57715,240,360,960,1500,physical,2,0:6,1,,,,,
memory,uniform,70,2,0,0,0.500464,4285100,1826643,1.22122e+07,134430,160,270,410,960,56563,250,370,960,1420,physical,2,0:6,2,,,,,
memory,uniform,70,2,0,0,0.500153,4276650,1822448,1.21945e+07,134164,160,270,410,940,56434,240,380,960,2530,physical,2,0:6,3,,,,,
memory,uniform,70,4,0,0,0.500153,7219608,3096890,2.06267e+07,226818,170,300,810,4330,95574,260,800,1280,6650,physical,4,0:6:1:7,1,,,,,
memory,uniform,70,4,0,0,0.500134,7246138,3108081,2.07029e+07,227664,170,300,820,3830,95907,260,810,1290,6710,physical,4,0:6:1:7,2,,,,,
memory,uniform,70,4,0,0,0.500113,7238513,3104785,2.06819e+07,227410,170,300,810,3390,95820,260,800,1290,6831,physical,4,0:6:1:7,3,,,,,
memory,uniform,70,8,0,0,0.500208,10547540,4515728,3.0114e+07,331475,170,390,990,6990,139255,270,1050,5920,14471,physical,8,0:6:1:7:2:8:3:9,1,,,,,
memory,uniform,70,8,0,0,0.500206,10665084,4566172,3.045e+07,335146,170,370,970,7100,140834,270,1050,5850,14181,physical,8,0:6:1:7:2:8:3:9,2,,,,,
memory,uniform,70,8,0,0,0.500185,10680874,4572909,3.04963e+07,335649,170,380,980,7051,141035,270,1040,5410,13930,physical,8,0:6:1:7:2:8:3:9,3,,,,,
memory,uniform,70,12,0,0,0.50023,12393274,5304679,3.53797e+07,389785,180,620,3030,7890,163283,280,1320,8650,25460,physical,12,0:6:1:7:2:8:3:9:4:10:5:11,1,,,,,
memory,uniform,70,12,0,0,0.500232,12320179,5273061,3.51701e+07,387501,180,620,3050,7810,162296,280,1340,8850,24040,physical,12,0:6:1:7:2:8:3:9:4:10:5:11,2,,,,,
memory,uniform,70,12,0,0,0.5002,12309046,5268510,3.5141e+07,387137,180,630,3160,7860,162167,280,1340,8881,24480,physical,12,0:6:1:7:2:8:3:9:4:10:5:11,3,,,,,
memory,uniform,70,24,0,0,0.500324,12615272,5397010,3.60012e+07,395403,200,910,7640,10650,167490,310,6500,25900,62431,smt,12,0:6:1:7:2:8:3:9:4:10:5:11:12:18:13:19:14:20:15:21:16:22:17:23,1,,,,,
memory,uniform,70,24,0,0,0.500592,11896306,5089691,3.39318e+07,372887,200,910,7750,10981,157940,310,6300,25770,65751,smt,12,0:6:1:7:2:8:3:9:4:10:5:11:12:18:13:19:14:20:15:21:16:22:17:23,2,,,,,
memory,uniform,70,24,0,0,0.500601,12603573,5392101,3.59481e+07,395015,200,920,7640,10600,167361,310,6580,26610,65361,smt,12,0:6:1:7:2:8:3:9:4:10:5:11:12:18:13:19:14:20:15:21:16:22:17:23,3,,,,,
memory,zipf,70,1,0,0,0.500452,5467263,2302554,1.55256e+07,171078,70,110,120,150,71729,80,120,140,150,physical,1,0,1,,,,,
memory,zipf,70,1,0,0,0.50047,5481722,2308599,1.5566e+07,171538,70,110,120,160,71910,80,120,140,230,physical,1,0,2,,,,,
memory,zipf,70,1,0,0,0.500423,5495371,2314400,1.56063e+07,171959,70,110,120,150,72097,80,120,140,230,physical,1,0,3,,,,,
memory,zipf,70,2,0,0,0.500558,4345205,1852227,1.2381e+07,136330,150,280,740,1010,57341,230,430,1070,2940,physical,2,0:6,1,,,,,
memory,zipf,70,2,0,0,0.500667,4363392,1859983,1.24302e+07,136875,150,280,740,1020,57606,230,420,1050,2830,physical,2,0:6,2,,,,,
memory,zipf,70,2,0,0,0.500466,4299141,1832631,1.22521e+07,134871,150,280,720,990,56748,230,410,1040,3050,physical,2,0:6,3,,,,,
memory,zipf,70,4,0,0,0.500145,4969275,2131535,1.41975e+07,156132,160,330,1140,7810,65770,250,1020,8330,21220,physical,4,0:6:1:7,1,,,,,
memory,zipf,70,4,0,0,0.500141,4930199,2114466,1.40854e+07,154905,160,330,1280,7920,65243,250,1020,8270,21911,physical,4,0:6:1:7,2,,,,,
memory,zipf,70,4,0,0,0.500127,4913527,2107406,1.40383e+07,154372,160,330,1220,8060,65035,250,1030,8321,22280,physical,4,0:6:1:7,3,,,,,
memory,zipf,70,8,0,0,0.500205,4372098,1871792,1.24827e+07,137389,160,600,6680,8960,57737,260,6420,31391,72341,physical,8,0:6:1:7:2:8:3:9,1,,,,,
memory,zipf,70,8,0,0,0.50017,4381290,1875805,1.25099e+07,137696,160,630,6681,8890,57841,260,6590,33041,74971,physical,8,0:6:1:7:2:8:3:9,2,,,,,
memory,zipf,70,8,0,0,0.500178,4397534,1882495,1.25556e+07,138211,160,610,6700,8911,58044,260,6370,33111,76431,physical,8,0:6:1:7:2:8:3:9,3,,,,,
memory,zipf,70,12,0,0,0.500254,3880946,1660960,1.10782e+07,122039,180,730,7530,9900,51151,280,8980,74041,168572,physical,12,0:6:1:7:2:8:3:9:4:10:5:11,1,,,,,
memory,zipf,70,12,0,0,0.500223,3938036,1685393,1.12419e+07,123812,180,720,7530,9910,51927,270,8700,68991,174762,physical,12,0:6:1:7:2:8:3:9:4:10:5:11,2,,,,,
memory,zipf,70,12,0,0,0.500242,3956284,1693316,1.12937e+07,124421,180,740,7470,9830,52133,280,8630,71761,158132,physical,12,0:6:1:7:2:8:3:9:4:10:5:11,3,,,,,
memory,uniform,50,1,0,0,0.500454,3195752,3132005,1.2644e+07,101471,90,120,130,150,96272,90,130,140,160,physical,1,0,1,,,,,
memory,uniform,50,1,0,0,0.500442,3186931,3123245,1.26092e+07,101186,90,120,130,170,96007,90,130,140,240,physical,1,0,2,,,,,
memory,uniform,50,1,0,0,0.500143,3201971,3138179,1.26767e+07,101671,90,120,130,190,96459,90,130,140,260,physical,1,0,3,,,,,
memory,uniform,50,2,0,0,0.501079,2707670,2679254,1.07506e+07,85809,170,300,720,1030,82533,250,400,1030,1560,physical,2,0:6,1,,,,,
memory,uniform,50,2,0,0,0.500456,2706267,2677824,1.07584e+07,85762,170,300,650,990,82492,250,390,1000,1450,physical,2,0:6,2,,,,,
memory,uniform,50,2,0,0,0.500671,2707297,2678837,1.07578e+07,85801,170,300,760,1020,82517,250,390,1030,1540,physical,2,0:6,3,,,,,
memory,uniform,50,4,0,0,0.500158,4402252,4385816,1.75706e+07,140396,180,340,890,5110,134232,260,820,1340,6771,physical,4,0:6:1:7,1,,,,,
memory,uniform,50,4,0,0,0.500106,4408828,4392347,1.75986e+07,140601,180,340,890,5210,134438,260,810,1340,6890,physical,4,0:6:1:7,2,,,,,
memory,uniform,50,4,0,0,0.500157,4416933,4400493,1.76293e+07,140877,180,330,880,5030,134670,260,820,1340,6690,physical,4,0:6:1:7,3,,,,,
memory,uniform,50,8,0,0,0.500216,6366972,6364123,2.54512e+07,202188,190,660,1180,7230,195662,270,1100,5141,15200,physical,8,0:6:1:7:2:8:3:9,1,,,,,
memory,uniform,50,8,0,0,0.500194,6354521,6351822,2.54028e+07,201775,190,670,1230,7290,195302,270,1090,5030,14760,physical,8,0:6:1:7:2:8:3:9,2,,,,,
memory,uniform,50,8,0,0,0.500178,6345852,6343010,2.53687e+07,201510,190,660,1190,7351,195020,280,1090,5100,14130,physical,8,0:6:1:7:2:8:3:9,3,,,,,
memory,uniform,50,12,0,0,0.500206,7337324,7336109,2.93348e+07,230724,190,790,3450,7970,227828,280,1310,8400,23570,physical,12,0:6:1:7:2:8:3:9:4:10:5:11,1,,,,,
memory,uniform,50,12,0,0,0.500211,7305616,7304209,2.92073e+07,229730,190,790,4080,8190,226833,280,1310,8480,24571,physical,12,0:6:1:7:2:8:3:9:4:10:5:11,2,,,,,
memory,uniform,50,12,0,0,0.500202,7321211,7319452,2.92695e+07,230218,190,780,4040,8020,227308,280,1310,8180,24800,physical,12,0:6:1:7:2:8:3:9:4:10:5:11,3,,,,,
memory,zipf,50,1,0,0,0.500147,3781277,3705732,1.49696e+07,120069,80,110,130,150,113901,80,120,130,150,physical,1,0,1,,,,,
memory,zipf,50,1,0,0,0.500129,3805335,3729488,1.50657e+07,120832,80,110,130,150,114632,80,120,130,150,physical,1,0,2,,,,,
memory,zipf,50,1,0,0,0.500133,3753849,3679017,1.48618e+07,119191,80,110,130,170,113087,80,120,140,250,physical,1,0,3,,,,,
memory,zipf,50,2,0,0,0.501111,2719305,2690682,1.0796e+07,86187,160,310,820,1040,82876,230,420,1180,3190,physical,2,0:6,1,,,,,
memory,zipf,50,2,0,0,0.500456,2735364,2706448,1.08737e+07,86679,160,310,830,1080,83378,230,410,1170,3040,physical,2,0:6,2,,,,,
memory,zipf,50,2,0,0,0.500467,2694867,2666557,1.07128e+07,85406,160,310,830,1090,82139,230,420,1160,3180,physical,2,0:6,3,,,,,
memory,zipf,50,4,0,0,0.500125,3101141,3089504,1.23782e+07,98900,170,420,1930,8150,94559,240,990,7540,19400,physical,4,0:6:1:7,1,,,,,
memory,zipf,50,4,0,0,0.500128,3104682,3093053,1.23923e+07,99028,170,420,2250,7900,94653,240,1000,7400,19770,physical,4,0:6:1:7,2,,,,,
memory,zipf,50,4,0,0,0.500139,3089227,3077672,1.23304e+07,98524,170,420,2250,8110,94194,240,1000,7500,19981,physical,4,0:6:1:7,3,,,,,
memory,zipf,50,8,0,0,0.500228,2798550,2797571,1.11871e+07,88857,180,780,6610,8890,86025,260,2310,26160,59711,physical,8,0:6:1:7:2:8:3:9,1,,,,,
memory,zipf,50,8,0,0,0.500187,2790425,2789444,1.11556e+07,88605,180,770,6560,8890,85771,260,2380,26200,61120,physical,8,0:6:1:7:2:8:3:9,2,,,,,
memory,zipf,50,8,0,0,0.500189,2802333,2801261,1.1203e+07,88971,180,780,6590,8890,86146,260,2310,25500,58100,physical,8,0:6:1:7:2:8:3:9,3,,,,,
memory,zipf,50,12,0,0,0.500219,2516068,2516274,1.00603e+07,79127,190,890,7410,9840,78140,270,5870,50910,128212,physical,12,0:6:1:7:2:8:3:9:4:10:5:11,1,,,,,
memory,zipf,50,12,0,0,0.500198,2505139,2504872,1.0016e+07,78745,190,880,7331,9870,77824,270,5241,50541,116132,physical,12,0:6:1:7:2:8:3:9:4:10:5:11,2,,,,,
memory,zipf,50,12,0,0,0.500183,2551279,2551103,1.0201e+07,80243,190,870,7300,9490,79212,270,6121,51471,119591,physical,12,0:6:1:7:2:8:3:9:4:10:5:11,3,,,,,
