mode,distribution,read_percent,threads,group_delay_us,group_max_batch,seconds,reads,writes,ops_per_sec,read_samples,read_p50_ns,read_p95_ns,read_p99_ns,read_p999_ns,write_samples,write_p50_ns,write_p95_ns,write_p99_ns,write_p999_ns,average_batch_size,batch_p95,batch_p99,fdatasync_calls_per_sec,writes_per_sync,repetition,physical_cores_used,cpus
group,uniform,0,1,0,32,0.500644,0,1470,2936.22,0,0,0,0,0,1470,332424,366223,491235,800959,1,1,1,2936.22,1,1,1,0
group,uniform,0,1,0,32,0.500353,0,1469,2935.92,0,0,0,0,0,1469,332044,362394,636646,867299,1,1,1,2935.92,1,2,1,0
group,uniform,0,1,0,32,0.500839,0,1484,2963.03,0,0,0,0,0,1484,331014,361534,425015,738308,1,1,1,2963.03,1,3,1,0
group,uniform,0,4,0,32,0.500679,0,4247,8482.49,0,0,0,0,0,4247,346223,712977,1020300,1390634,2.85801,4,4,2967.97,2.85801,1,4,0:6:1:7
group,uniform,0,4,0,32,0.500457,0,4251,8494.24,0,0,0,0,0,4251,346684,715467,1007301,1430195,2.87813,4,4,2951.3,2.87813,2,4,0:6:1:7
group,uniform,0,4,0,32,0.50044,0,4233,8458.56,0,0,0,0,0,4233,347714,713938,1011260,1437065,2.87178,4,4,2945.41,2.87178,3,4,0:6:1:7
group,uniform,0,12,0,32,0.501215,0,11086,22118.3,0,0,0,0,0,11086,395124,1009721,1450775,2052421,7.71468,11,12,2867.03,7.71468,1,12,0:6:1:7:2:8:3:9:4:10:5:11
group,uniform,0,12,0,32,0.500555,0,11100,22175.4,0,0,0,0,0,11100,388414,1008990,1433275,2032861,7.83898,11,12,2828.86,7.83898,2,12,0:6:1:7:2:8:3:9:4:10:5:11
group,uniform,0,12,0,32,0.500855,0,11227,22415.7,0,0,0,0,0,11227,388335,1004091,1376655,2052001,7.75345,11,12,2891.06,7.75345,3,12,0:6:1:7:2:8:3:9:4:10:5:11
group,uniform,0,1,20,32,0.500558,0,1222,2441.28,0,0,0,0,0,1222,403414,435325,554396,722698,1,1,1,2441.28,1,1,1,0
group,uniform,0,1,20,32,0.500728,0,1225,2446.44,0,0,0,0,0,1225,403604,434564,455745,717247,1,1,1,2446.44,1,2,1,0
group,uniform,0,1,20,32,0.500767,0,1234,2464.22,0,0,0,0,0,1234,402434,432505,453925,722258,1,1,1,2464.22,1,3,1,0
group,uniform,0,4,20,32,0.500369,0,4745,9483.01,0,0,0,0,0,4745,407654,454315,822528,1220282,3.89573,4,4,2434.21,3.89573,1,4,0:6:1:7
group,uniform,0,4,20,32,0.500411,0,4748,9488.21,0,0,0,0,0,4748,408184,458955,818799,1221203,3.91104,4,4,2426.01,3.91104,2,4,0:6:1:7
group,uniform,0,4,20,32,0.500154,0,4743,9483.07,0,0,0,0,0,4743,409164,459405,817259,952450,3.91983,4,4,2419.25,3.91983,3,4,0:6:1:7
group,uniform,0,12,20,32,0.501278,0,12900,25734.2,0,0,0,0,0,12900,416435,830819,1201833,1704037,10.9322,12,12,2353.98,10.9322,1,12,0:6:1:7:2:8:3:9:4:10:5:11
group,uniform,0,12,20,32,0.500963,0,12809,25568.7,0,0,0,0,0,12809,419174,836609,1015700,1723518,10.9292,12,12,2339.49,10.9292,2,12,0:6:1:7:2:8:3:9:4:10:5:11
group,uniform,0,12,20,32,0.500636,0,12478,24924.3,0,0,0,0,0,12478,437594,872309,1233633,1753408,10.936,12,12,2279.1,10.936,3,12,0:6:1:7:2:8:3:9:4:10:5:11
group,uniform,0,1,200,32,0.500348,0,846,1690.82,0,0,0,0,0,846,586906,617637,637256,732088,1,1,1,1690.82,1,1,1,0
group,uniform,0,1,200,32,0.500327,0,834,1666.91,0,0,0,0,0,834,586466,617837,712678,3305814,1,1,1,1666.91,1,2,1,0
group,uniform,0,1,200,32,0.500979,0,848,1692.69,0,0,0,0,0,848,585876,614787,886039,1092971,1,1,1,1692.69,1,3,1,0
group,uniform,0,4,200,32,0.500338,0,3260,6515.6,0,0,0,0,0,3260,592506,643917,1187862,1835929,3.89952,4,4,1670.87,3.89952,1,4,0:6:1:7
group,uniform,0,4,200,32,0.500616,0,3244,6480.02,0,0,0,0,0,3244,593166,661947,1200392,1770458,3.89436,4,4,1663.95,3.89436,2,4,0:6:1:7
group,uniform,0,4,200,32,0.500707,0,3264,6518.79,0,0,0,0,0,3264,592966,649417,1184612,1305543,3.91367,4,4,1665.65,3.91367,3,4,0:6:1:7
group,uniform,0,12,200,32,0.501255,0,8953,17861.2,0,0,0,0,0,8953,602546,1206752,1758679,2372235,10.9316,12,12,1633.9,10.9316,1,12,0:6:1:7:2:8:3:9:4:10:5:11
group,uniform,0,12,200,32,0.50057,0,8948,17875.6,0,0,0,0,0,8948,603936,1205163,1784559,2441135,10.9657,12,12,1630.14,10.9657,2,12,0:6:1:7:2:8:3:9:4:10:5:11
group,uniform,0,12,200,32,0.500598,0,8923,17824.7,0,0,0,0,0,8923,604207,1213003,1389975,2449476,10.935,12,12,1630.05,10.935,3,12,0:6:1:7:2:8:3:9:4:10:5:11
group,uniform,0,1,1000,32,0.500993,0,359,716.577,0,0,0,0,0,359,1388605,1436045,1527056,1698718,1,1,1,716.577,1,1,1,0
group,uniform,0,1,1000,32,0.500665,0,359,717.046,0,0,0,0,0,359,1388435,1417565,1692838,1820939,1,1,1,717.046,1,2,1,0
group,uniform,0,1,1000,32,0.50064,0,359,717.082,0,0,0,0,0,359,1388525,1419274,1693398,1736858,1,1,1,717.082,1,3,1,0
group,uniform,0,4,1000,32,0.501072,0,1398,2790.02,0,0,0,0,0,1398,1394695,1441945,2791410,4178284,3.90503,4,4,714.468,3.90503,1,4,0:6:1:7
group,uniform,0,4,1000,32,0.500702,0,1406,2808.06,0,0,0,0,0,1406,1395025,1445255,2784699,2893590,3.93838,4,4,712.999,3.93838,2,4,0:6:1:7
group,uniform,0,4,1000,32,0.501085,0,1391,2775.98,0,0,0,0,0,1391,1395265,1450755,2835489,4268805,3.89636,4,4,712.455,3.89636,3,4,0:6:1:7
group,uniform,0,12,1000,32,0.502028,0,3870,7708.73,0,0,0,0,0,3870,1406824,2821809,3046772,5638189,10.9014,12,12,707.131,10.9014,1,12,0:6:1:7:2:8:3:9:4:10:5:11
group,uniform,0,12,1000,32,0.504263,0,3852,7638.87,0,0,0,0,0,3852,1408905,2826600,4231164,5603198,10.8202,12,12,705.98,10.8202,2,12,0:6:1:7:2:8:3:9:4:10:5:11
group,uniform,0,12,1000,32,0.502803,0,3879,7714.76,0,0,0,0,0,3879,1413495,2825680,4188254,5626519,10.9576,12,12,704.054,10.9576,3,12,0:6:1:7:2:8:3:9:4:10:5:11
